sku_id,name,seller_id,category,cost,price,ref_price,competitor_price,rating,review_count,image_quality,pack_quality,fwd_shipping,rev_shipping,pack_cost,ad_cost,restock_cost,pay_var,impressions_per_day,inventory,stock_age_days,zone3_share,flags,cancel_rate,demo_role,corridor_low,corridor_high,gst_rate
K-101,Jaipur Print Straight Kurti,S-SUNITA,kurti,196.0,349.0,399.0,389,4.1,418,0.62,0.5,64.0,70.0,8.0,12.0,10.0,0.015,760,400,28,0.0,"{""volumetric_slab_penalty"": false}",0.03,A volume trap / B return trap,349,429,0.05
K-101B,Jaipur Print Straight Kurti (COD-heavy market),S-SUNITA,kurti,196.0,349.0,399.0,389,4.1,402,0.62,0.5,64.0,70.0,8.0,12.0,10.0,0.015,760,420,31,0.9,"{""volumetric_slab_penalty"": false}",0.03,B return trap (cod_slope 3.0 / rto_cod 2.7 effective via z3=0.9),349,429,0.05
K-101S,Jaipur Print Straight Kurti (Geometric Print),S-SUNITA,kurti,196.0,399.0,399.0,389,4.1,361,0.62,0.5,64.0,70.0,8.0,12.0,10.0,0.015,760,420,33,0.0,"{""volumetric_slab_penalty"": false}",0.03,E cash-constrained twin (mode=cash),349,429,0.05
K-207,Heavy Embroidered Anarkali Set,S-SUNITA,kurti,214.0,379.0,399.0,389,4.1,312,0.62,0.5,64.0,70.0,8.0,12.0,10.0,0.015,640,700,34,0.0,"{""volumetric_slab_penalty"": false}",0.03,C no feasible price,349,399,0.05
K-330,Cotton Palazzo Set,S-SUNITA,palazzo_set,205.0,399.0,399.0,389,4.1,287,0.62,0.35,88.0,92.0,8.0,12.0,10.0,0.015,700,450,41,0.0,"{""volumetric_slab_penalty"": true}",0.03,D packaging beats discounting,349,429,0.05
K-118,Floral Straight Kurti,S-SUNITA,kurti,196.0,399.0,399.0,389,4.0,241,0.25,0.5,64.0,70.0,8.0,12.0,10.0,0.015,760,300,52,0.0,"{""volumetric_slab_penalty"": false}",0.03,F price isn't the problem,349,429,0.05
K-101R,Jaipur Print Straight Kurti (Bulk Lot),S-RAHUL,kurti,196.0,399.0,399.0,389,4.1,1204,0.62,0.5,64.0,70.0,8.0,12.0,10.0,0.015,760,900,75,0.0,"{""volumetric_slab_penalty"": false}",0.03,E inventory-constrained (mode=clear),349,429,0.05
K-402,Chikankari Embroidered Kurti,S-SUNITA,kurti,168.0,449.0,449.0,439,4.4,806,0.78,0.62,58.0,66.0,8.0,11.0,9.0,0.015,880,520,22,0.0,"{""volumetric_slab_penalty"": false}",0.03,catalog realism (healthy),399,479,0.05
K-415,Rayon Printed A-line Kurti,S-SUNITA,kurti,172.0,399.0,399.0,399,4.3,512,0.72,0.58,60.0,68.0,8.0,11.0,9.0,0.015,810,380,26,0.0,"{""volumetric_slab_penalty"": false}",0.03,catalog realism (healthy/watch),349,429,0.05
G-001,Kalamkari Kurti,S-037,kurti,217.25,438.0,431.0,415,4.3,18,0.73,0.73,65.0,67.6,9.2,14.2,10.9,0.015,908,120,8,0.782,"{""volumetric_slab_penalty"": false}",0.038,,390,449,0.05
G-002,Rayon Kurti,S-017,kurti,203.29,398.0,397.0,420,3.7,96,0.77,0.72,70.1,69.2,8.1,15.5,10.2,0.015,424,420,47,0.523,"{""volumetric_slab_penalty"": false}",0.012,,348,424,0.05
G-003,Jaipur Print Kurti,S-038,kurti,207.75,403.0,422.0,439,4.2,410,0.7,0.49,62.8,73.9,6.8,16.5,10.4,0.015,889,420,22,0.592,"{""volumetric_slab_penalty"": false}",0.058,,363,455,0.05
G-004,Kalamkari Kurti,S-034,kurti,177.09,410.0,432.0,456,4.1,1150,0.74,0.59,72.8,78.0,9.4,8.7,8.9,0.015,1108,120,15,0.492,"{""volumetric_slab_penalty"": false}",0.018,,392,475,0.05
G-005,Jaipur Print Kurti,S-023,kurti,210.89,346.0,366.0,353,4.0,260,0.42,0.67,57.9,63.3,7.3,11.4,10.5,0.015,504,600,22,0.699,"{""volumetric_slab_penalty"": false}",0.054,,322,388,0.05
G-006,Floral Kurti,S-002,kurti,193.64,362.0,370.0,389,4.0,1150,0.51,0.49,62.5,67.8,9.0,13.5,9.7,0.015,632,60,8,0.458,"{""volumetric_slab_penalty"": false}",0.025,,334,404,0.05
G-007,Kalamkari Kurti,S-002,kurti,192.13,389.0,396.0,406,4.3,18,0.4,0.42,66.5,72.6,8.9,14.7,9.6,0.015,476,900,62,0.227,"{""volumetric_slab_penalty"": false}",0.048,,349,443,0.05
G-008,Rayon Kurti,S-023,kurti,211.76,460.0,437.0,432,3.7,1150,0.63,0.47,68.1,73.1,9.4,17.0,10.6,0.015,1110,120,22,0.355,"{""volumetric_slab_penalty"": false}",0.024,,387,478,0.05
G-009,Embroidered Kurti,S-016,kurti,180.7,434.0,412.0,431,4.4,96,0.6,0.47,70.4,72.6,7.0,15.9,9.0,0.015,941,180,88,0.681,"{""volumetric_slab_penalty"": false}",0.051,,365,451,0.05
G-010,Bandhani Kurti,S-034,kurti,207.64,380.0,369.0,349,3.7,260,0.53,0.61,64.4,69.0,10.4,7.7,10.4,0.015,885,120,47,0.808,"{""volumetric_slab_penalty"": false}",0.037,,321,393,0.05
G-011,Bandhani Kurti,S-037,kurti,205.31,375.0,361.0,344,3.9,42,0.59,0.52,71.6,79.3,6.6,9.5,10.3,0.015,869,120,8,0.585,"{""volumetric_slab_penalty"": false}",0.045,,324,387,0.05
G-012,Chikankari Kurti,S-020,kurti,204.47,391.0,409.0,419,3.8,720,0.32,0.56,69.9,74.9,9.1,7.1,10.2,0.015,634,900,8,0.24,"{""volumetric_slab_penalty"": false}",0.045,,366,451,0.05
G-013,Rayon Kurti,S-031,kurti,215.54,404.0,420.0,415,4.1,720,0.69,0.43,64.5,70.0,10.3,7.3,10.8,0.015,921,900,88,0.793,"{""volumetric_slab_penalty"": false}",0.054,,371,456,0.05
G-014,Kalamkari Kurti,S-039,kurti,186.33,384.0,388.0,386,3.7,260,0.62,0.3,71.7,75.9,10.2,7.5,9.3,0.015,952,120,34,0.54,"{""volumetric_slab_penalty"": false}",0.04,,355,432,0.05
G-015,Floral Kurti,S-030,kurti,209.46,436.0,425.0,427,3.7,18,0.5,0.45,61.0,78.1,10.0,10.6,10.5,0.015,451,340,47,0.579,"{""volumetric_slab_penalty"": true}",0.019,,372,453,0.05
G-016,Jaipur Print Kurti,S-037,kurti,214.4,412.0,398.0,382,4.2,1150,0.47,0.47,63.3,72.3,9.6,12.4,10.7,0.015,964,260,47,0.83,"{""volumetric_slab_penalty"": false}",0.021,,358,423,0.05
G-017,Embroidered Kurti,S-010,kurti,184.88,417.0,402.0,413,4.2,260,0.31,0.72,69.3,64.9,9.4,8.9,9.2,0.015,699,120,62,0.56,"{""volumetric_slab_penalty"": false}",0.042,,360,434,0.05
G-018,Bandhani Kurti,S-008,kurti,182.99,408.0,399.0,379,4.3,720,0.78,0.35,66.0,63.3,7.1,16.0,9.1,0.015,908,60,34,0.597,"{""volumetric_slab_penalty"": false}",0.044,,358,435,0.05
G-019,Anarkali Kurti,S-004,kurti,203.55,368.0,384.0,371,4.1,1150,0.51,0.6,72.1,78.9,9.5,15.3,10.2,0.015,542,600,8,0.655,"{""volumetric_slab_penalty"": false}",0.057,,336,409,0.05
G-020,Jaipur Print Kurti,S-034,kurti,177.23,403.0,429.0,431,4.0,1150,0.59,0.55,61.5,73.8,8.2,14.6,8.9,0.015,557,120,8,0.473,"{""volumetric_slab_penalty"": false}",0.013,,382,453,0.05
G-021,Embroidered Kurti,S-027,kurti,199.06,364.0,374.0,378,4.3,410,0.32,0.69,67.2,68.8,8.4,13.5,10.0,0.015,1022,180,15,0.427,"{""volumetric_slab_penalty"": false}",0.045,,326,411,0.05
G-022,Cotton Straight Kurti,S-014,kurti,181.61,406.0,420.0,433,4.0,410,0.73,0.38,71.0,71.5,6.9,16.0,9.1,0.015,831,900,22,0.189,"{""volumetric_slab_penalty"": false}",0.05,,365,438,0.05
G-023,Geometric Kurti,S-010,kurti,193.61,422.0,419.0,437,4.2,18,0.71,0.47,66.6,70.6,8.5,12.0,9.7,0.015,732,180,47,0.21,"{""volumetric_slab_penalty"": false}",0.029,,372,443,0.05
G-024,Embroidered Kurti,S-026,kurti,205.42,428.0,429.0,418,3.9,410,0.48,0.31,60.1,80.0,7.3,9.4,10.3,0.015,916,340,88,0.657,"{""volumetric_slab_penalty"": true}",0.046,,382,464,0.05
G-025,Embroidered Kurti,S-016,kurti,196.72,406.0,393.0,391,4.2,720,0.67,0.62,59.5,75.0,8.1,8.7,9.8,0.015,922,180,62,0.796,"{""volumetric_slab_penalty"": true}",0.039,,361,428,0.05
G-026,Chikankari Kurti,S-017,kurti,181.56,376.0,367.0,383,4.4,180,0.8,0.67,61.7,65.4,7.6,10.0,9.1,0.015,995,340,8,0.402,"{""volumetric_slab_penalty"": false}",0.06,,324,382,0.05
G-027,Geometric Kurti,S-008,kurti,210.67,406.0,432.0,456,4.0,720,0.49,0.37,59.9,68.5,7.5,15.4,10.5,0.015,620,420,62,0.344,"{""volumetric_slab_penalty"": false}",0.011,,394,453,0.05
G-028,Bandhani Kurti,S-021,kurti,213.07,373.0,399.0,381,4.1,260,0.54,0.48,70.7,73.9,10.3,7.6,10.7,0.015,1004,60,88,0.813,"{""volumetric_slab_penalty"": true}",0.029,,363,426,0.05
G-029,Cotton Straight Kurti,S-002,kurti,206.78,392.0,371.0,388,4.1,720,0.65,0.61,64.0,67.7,6.5,10.7,10.3,0.015,690,260,47,0.503,"{""volumetric_slab_penalty"": false}",0.011,,337,408,0.05
G-030,Kalamkari Kurti,S-014,kurti,207.75,367.0,391.0,411,3.6,1150,0.63,0.41,71.1,80.3,9.9,10.0,10.4,0.015,939,180,15,0.466,"{""volumetric_slab_penalty"": false}",0.042,,345,417,0.05
G-031,Embroidered Kurti,S-023,kurti,209.36,422.0,403.0,418,4.2,260,0.39,0.66,60.1,75.0,6.6,8.1,10.5,0.015,693,900,15,0.424,"{""volumetric_slab_penalty"": false}",0.036,,354,429,0.05
G-032,Rayon Kurti,S-006,kurti,208.02,418.0,408.0,421,4.0,180,0.48,0.66,59.6,68.5,8.3,12.4,10.4,0.015,839,420,15,0.684,"{""volumetric_slab_penalty"": false}",0.046,,357,457,0.05
G-033,Floral Kurti,S-033,kurti,199.5,427.0,403.0,392,3.7,96,0.71,0.74,60.3,75.1,10.1,13.9,10.0,0.015,815,60,62,0.158,"{""volumetric_slab_penalty"": false}",0.052,,365,426,0.05
G-034,Geometric Kurti,S-025,kurti,190.44,404.0,386.0,405,3.8,260,0.37,0.74,73.2,74.9,9.8,16.6,9.5,0.015,817,180,34,0.066,"{""volumetric_slab_penalty"": false}",0.012,,352,424,0.05
G-035,Embroidered Kurti,S-021,kurti,186.83,360.0,381.0,391,3.8,96,0.39,0.45,73.2,79.3,9.6,12.0,9.3,0.015,626,120,22,0.139,"{""volumetric_slab_penalty"": false}",0.021,,350,426,0.05
G-036,Geometric Kurti,S-011,kurti,189.87,348.0,369.0,378,4.5,96,0.69,0.53,66.5,64.1,8.0,15.3,9.5,0.015,792,120,88,0.469,"{""volumetric_slab_penalty"": false}",0.054,,329,395,0.05
G-037,Floral Kurti,S-008,kurti,218.55,437.0,429.0,445,4.2,1150,0.46,0.66,59.1,70.7,9.3,12.1,10.9,0.015,807,420,34,0.234,"{""volumetric_slab_penalty"": false}",0.027,,390,473,0.05
G-038,Chikankari Kurti,S-035,kurti,206.31,401.0,417.0,395,4.1,180,0.31,0.44,66.9,70.7,10.0,16.1,10.3,0.015,887,420,88,0.349,"{""volumetric_slab_penalty"": false}",0.045,,365,445,0.05
G-039,Anarkali Kurti,S-033,kurti,202.31,385.0,371.0,390,4.1,42,0.42,0.54,69.9,71.6,7.7,11.5,10.1,0.015,844,340,22,0.082,"{""volumetric_slab_penalty"": false}",0.031,,321,403,0.05
G-040,Jaipur Print Kurti,S-003,kurti,178.54,333.0,360.0,373,4.2,260,0.79,0.68,60.8,69.1,7.7,17.7,8.9,0.015,783,340,47,0.461,"{""volumetric_slab_penalty"": false}",0.02,,313,403,0.05
G-041,Anarkali Kurti,S-004,kurti,203.3,426.0,432.0,437,3.7,260,0.63,0.65,69.6,68.6,8.0,12.0,10.2,0.015,528,260,34,0.266,"{""volumetric_slab_penalty"": false}",0.017,,391,479,0.05
G-042,Geometric Kurti,S-012,kurti,199.24,360.0,371.0,350,3.7,410,0.42,0.51,59.1,64.6,7.0,10.4,10.0,0.015,968,900,47,0.66,"{""volumetric_slab_penalty"": false}",0.057,,320,401,0.05
G-043,Anarkali Kurti,S-012,kurti,211.02,437.0,426.0,422,4.0,410,0.55,0.48,58.4,78.8,9.9,15.2,10.6,0.015,671,260,22,0.829,"{""volumetric_slab_penalty"": false}",0.022,,388,453,0.05
G-044,Anarkali Kurti,S-015,kurti,198.85,390.0,387.0,367,4.0,42,0.67,0.53,61.6,65.4,10.2,17.6,9.9,0.015,880,420,88,0.32,"{""volumetric_slab_penalty"": false}",0.054,,335,419,0.05
G-045,Kalamkari Kurti,S-016,kurti,216.19,343.0,366.0,385,3.7,1150,0.37,0.5,66.7,75.3,8.2,7.6,10.8,0.015,667,60,88,0.696,"{""volumetric_slab_penalty"": false}",0.017,,323,393,0.05
G-046,Embroidered Kurti,S-017,kurti,186.4,393.0,376.0,360,4.5,720,0.62,0.39,72.8,68.3,8.4,15.1,9.3,0.015,895,260,22,0.583,"{""volumetric_slab_penalty"": false}",0.031,,337,411,0.05
G-047,Floral Kurti,S-022,kurti,185.49,381.0,408.0,429,4.0,410,0.82,0.52,69.6,66.8,6.9,14.7,9.3,0.015,871,420,47,0.085,"{""volumetric_slab_penalty"": false}",0.025,,361,431,0.05
G-048,Anarkali Kurti,S-022,kurti,192.93,416.0,410.0,421,4.5,410,0.32,0.49,59.9,72.1,8.4,14.9,9.6,0.015,990,120,47,0.165,"{""volumetric_slab_penalty"": false}",0.012,,371,451,0.05
G-049,Jaipur Print Kurti,S-006,kurti,215.66,370.0,398.0,419,4.5,96,0.67,0.41,70.0,65.5,7.4,9.8,10.8,0.015,654,60,15,0.112,"{""volumetric_slab_penalty"": false}",0.03,,363,423,0.05
G-050,Kalamkari Kurti,S-024,kurti,196.89,343.0,360.0,346,4.0,18,0.37,0.57,64.4,73.0,10.4,17.1,9.8,0.015,1017,340,34,0.057,"{""volumetric_slab_penalty"": false}",0.019,,325,380,0.05
G-051,Floral Kurti,S-021,kurti,215.73,390.0,377.0,356,4.4,42,0.67,0.3,70.3,70.5,6.8,15.3,10.8,0.015,418,180,15,0.452,"{""volumetric_slab_penalty"": false}",0.019,,347,404,0.05
G-052,Anarkali Kurti,S-006,kurti,200.16,381.0,392.0,413,4.0,180,0.65,0.58,71.7,66.0,8.8,10.7,10.0,0.015,976,420,88,0.19,"{""volumetric_slab_penalty"": false}",0.022,,337,409,0.05
G-053,Cotton Straight Kurti,S-027,kurti,198.84,348.0,378.0,388,4.0,42,0.82,0.6,63.5,70.3,8.9,13.1,9.9,0.015,555,120,62,0.28,"{""volumetric_slab_penalty"": false}",0.023,,332,422,0.05
G-054,Anarkali Kurti,S-020,kurti,189.89,417.0,408.0,420,4.1,96,0.36,0.39,70.2,77.0,8.8,8.3,9.5,0.015,726,260,22,0.361,"{""volumetric_slab_penalty"": false}",0.059,,372,446,0.05
G-055,Embroidered Kurti,S-012,kurti,216.28,433.0,430.0,444,3.7,1150,0.77,0.41,72.1,79.2,10.3,15.0,10.8,0.015,481,420,62,0.098,"{""volumetric_slab_penalty"": false}",0.021,,381,474,0.05
G-056,Geometric Kurti,S-003,kurti,180.8,392.0,416.0,397,3.9,18,0.47,0.4,69.5,75.2,8.6,10.4,9.0,0.015,936,600,34,0.64,"{""volumetric_slab_penalty"": false}",0.05,,374,449,0.05
G-057,Anarkali Kurti,S-033,kurti,177.55,412.0,390.0,389,3.8,96,0.36,0.65,63.0,73.5,9.0,17.2,8.9,0.015,1069,60,34,0.471,"{""volumetric_slab_penalty"": false}",0.036,,345,424,0.05
G-058,Floral Kurti,S-011,kurti,200.0,367.0,361.0,342,3.8,18,0.7,0.67,71.8,68.0,9.7,13.4,10.0,0.015,828,900,62,0.68,"{""volumetric_slab_penalty"": false}",0.027,,319,377,0.05
G-059,Geometric Kurti,S-009,kurti,197.14,419.0,423.0,422,4.1,96,0.55,0.47,62.0,67.3,7.3,17.0,9.9,0.015,1132,260,15,0.591,"{""volumetric_slab_penalty"": false}",0.026,,369,465,0.05
G-060,Cotton Palazzo Palazzo / Co-ord set,S-020,palazzo_set,224.78,369.0,396.0,418,4.0,42,0.75,0.31,60.8,74.4,6.5,7.7,11.2,0.015,856,900,8,0.086,"{""volumetric_slab_penalty"": false}",0.037,,359,424,0.05
G-061,Cotton Palazzo Palazzo / Co-ord set,S-004,palazzo_set,225.9,388.0,401.0,423,4.3,18,0.67,0.49,67.5,72.0,8.3,13.5,11.3,0.015,620,420,34,0.413,"{""volumetric_slab_penalty"": false}",0.052,,368,425,0.05
G-062,Co-ord Palazzo / Co-ord set,S-009,palazzo_set,225.72,420.0,415.0,411,4.5,96,0.33,0.43,66.4,67.8,9.2,13.8,11.3,0.015,433,420,22,0.172,"{""volumetric_slab_penalty"": false}",0.054,,375,442,0.05
G-063,Printed Palazzo Palazzo / Co-ord set,S-012,palazzo_set,217.78,398.0,401.0,397,4.4,410,0.67,0.6,65.9,67.7,9.9,8.6,10.9,0.015,777,340,62,0.747,"{""volumetric_slab_penalty"": false}",0.019,,358,426,0.05
G-064,Co-ord Palazzo / Co-ord set,S-002,palazzo_set,196.36,427.0,433.0,459,4.3,260,0.58,0.69,68.1,69.8,8.2,8.6,9.8,0.015,437,120,34,0.202,"{""volumetric_slab_penalty"": false}",0.023,,387,453,0.05
G-065,Printed Palazzo Palazzo / Co-ord set,S-025,palazzo_set,217.45,410.0,406.0,426,4.1,260,0.82,0.52,70.8,80.3,7.5,14.5,10.9,0.015,516,260,15,0.252,"{""volumetric_slab_penalty"": false}",0.05,,363,439,0.05
G-066,Co-ord Palazzo / Co-ord set,S-022,palazzo_set,205.72,393.0,373.0,354,4.2,1150,0.6,0.69,60.8,76.6,8.6,10.8,10.3,0.015,500,260,47,0.314,"{""volumetric_slab_penalty"": false}",0.057,,343,402,0.05
G-067,Cotton Palazzo Palazzo / Co-ord set,S-010,palazzo_set,215.42,377.0,409.0,394,3.7,180,0.31,0.42,70.0,72.7,9.0,7.0,10.8,0.015,822,900,34,0.062,"{""volumetric_slab_penalty"": true}",0.041,,374,435,0.05
G-068,Cotton Palazzo Palazzo / Co-ord set,S-027,palazzo_set,198.37,391.0,407.0,423,4.1,720,0.5,0.41,66.8,75.8,9.1,10.2,9.9,0.015,746,260,34,0.188,"{""volumetric_slab_penalty"": false}",0.027,,372,453,0.05
G-069,Printed Palazzo Palazzo / Co-ord set,S-006,palazzo_set,214.43,412.0,395.0,373,4.2,410,0.48,0.64,65.2,68.7,8.7,12.7,10.7,0.015,656,900,8,0.691,"{""volumetric_slab_penalty"": true}",0.039,,356,426,0.05
G-070,Rayon Palazzo Palazzo / Co-ord set,S-032,palazzo_set,206.88,417.0,432.0,451,3.7,42,0.36,0.57,65.2,63.1,9.7,15.8,10.3,0.015,928,60,62,0.569,"{""volumetric_slab_penalty"": false}",0.04,,372,454,0.05
G-071,Rayon Palazzo Palazzo / Co-ord set,S-028,palazzo_set,226.56,447.0,423.0,432,3.9,260,0.63,0.41,60.1,67.6,8.8,13.0,11.3,0.015,695,420,62,0.698,"{""volumetric_slab_penalty"": false}",0.059,,378,473,0.05
G-072,Rayon Palazzo Palazzo / Co-ord set,S-004,palazzo_set,202.34,372.0,384.0,381,4.1,720,0.47,0.3,65.2,67.0,8.9,15.5,10.1,0.015,525,120,34,0.638,"{""volumetric_slab_penalty"": false}",0.039,,334,425,0.05
G-073,Printed Palazzo Palazzo / Co-ord set,S-004,palazzo_set,221.37,441.0,420.0,429,4.0,410,0.62,0.37,60.1,78.5,10.3,8.3,11.1,0.015,1028,340,88,0.839,"{""volumetric_slab_penalty"": true}",0.05,,384,446,0.05
G-074,Co-ord Palazzo / Co-ord set,S-008,palazzo_set,223.82,403.0,424.0,422,4.0,180,0.52,0.37,65.3,66.6,9.0,14.3,11.2,0.015,735,420,15,0.429,"{""volumetric_slab_penalty"": false}",0.029,,371,466,0.05
G-075,Printed Palazzo Palazzo / Co-ord set,S-019,palazzo_set,216.31,350.0,370.0,348,4.4,96,0.45,0.44,58.0,67.3,8.9,10.1,10.8,0.015,976,420,62,0.561,"{""volumetric_slab_penalty"": false}",0.027,,318,392,0.05
G-076,Printed Palazzo Palazzo / Co-ord set,S-010,palazzo_set,213.13,446.0,431.0,426,4.6,720,0.82,0.58,69.4,69.1,9.6,9.2,10.7,0.015,562,260,34,0.552,"{""volumetric_slab_penalty"": false}",0.059,,374,461,0.05
G-077,Cotton Palazzo Palazzo / Co-ord set,S-017,palazzo_set,221.22,446.0,429.0,405,4.6,260,0.78,0.66,67.3,72.8,8.3,11.0,11.1,0.015,439,600,8,0.343,"{""volumetric_slab_penalty"": false}",0.032,,374,449,0.05
G-078,Printed Palazzo Palazzo / Co-ord set,S-033,palazzo_set,209.61,380.0,394.0,378,4.5,720,0.83,0.51,58.8,76.5,8.5,7.8,10.5,0.015,1021,900,8,0.338,"{""volumetric_slab_penalty"": false}",0.053,,355,438,0.05
G-079,Printed Palazzo Palazzo / Co-ord set,S-010,palazzo_set,187.08,415.0,423.0,410,4.0,720,0.41,0.34,63.3,68.7,6.7,15.9,9.4,0.015,718,900,34,0.455,"{""volumetric_slab_penalty"": false}",0.012,,375,466,0.05
G-080,Co-ord Palazzo / Co-ord set,S-014,palazzo_set,195.29,438.0,432.0,436,3.8,720,0.71,0.61,64.3,73.5,8.6,13.2,9.8,0.015,825,260,15,0.183,"{""volumetric_slab_penalty"": false}",0.038,,381,452,0.05
G-081,Rayon Palazzo Palazzo / Co-ord set,S-032,palazzo_set,219.67,357.0,377.0,378,3.9,1150,0.68,0.69,62.2,72.8,9.8,14.6,11.0,0.015,986,120,34,0.525,"{""volumetric_slab_penalty"": false}",0.049,,346,417,0.05
G-082,Co-ord Palazzo / Co-ord set,S-031,palazzo_set,200.35,375.0,380.0,399,4.6,42,0.31,0.61,66.6,69.3,6.7,10.7,10.0,0.015,862,260,47,0.848,"{""volumetric_slab_penalty"": false}",0.036,,333,420,0.05
G-083,Cotton Palazzo Palazzo / Co-ord set,S-028,palazzo_set,211.49,384.0,407.0,420,3.7,1150,0.76,0.51,68.0,74.2,8.8,12.3,10.6,0.015,598,420,88,0.645,"{""volumetric_slab_penalty"": false}",0.045,,357,447,0.05
G-084,Printed Palazzo Palazzo / Co-ord set,S-022,palazzo_set,208.95,373.0,382.0,392,4.4,18,0.53,0.68,64.0,77.7,9.3,9.6,10.4,0.015,920,180,62,0.823,"{""volumetric_slab_penalty"": false}",0.028,,344,416,0.05
G-085,Printed Palazzo Palazzo / Co-ord set,S-006,palazzo_set,212.11,398.0,395.0,371,4.1,18,0.61,0.48,73.3,71.7,10.3,9.8,10.6,0.015,573,340,47,0.191,"{""volumetric_slab_penalty"": false}",0.054,,354,422,0.05
G-086,Printed Palazzo Palazzo / Co-ord set,S-004,palazzo_set,201.63,406.0,423.0,423,3.6,720,0.45,0.68,68.5,75.4,8.1,13.4,10.1,0.015,661,420,34,0.77,"{""volumetric_slab_penalty"": false}",0.031,,367,444,0.05
G-087,Co-ord Palazzo / Co-ord set,S-008,palazzo_set,194.72,450.0,432.0,428,4.3,180,0.67,0.33,67.9,64.5,7.5,9.4,9.7,0.015,846,60,34,0.318,"{""volumetric_slab_penalty"": false}",0.051,,374,477,0.05
G-088,Co-ord Palazzo / Co-ord set,S-033,palazzo_set,193.97,385.0,367.0,368,4.0,42,0.58,0.37,73.2,79.8,10.1,10.1,9.7,0.015,460,340,47,0.096,"{""volumetric_slab_penalty"": false}",0.013,,316,407,0.05
G-089,Co-ord Palazzo / Co-ord set,S-011,palazzo_set,219.37,344.0,369.0,386,3.9,42,0.34,0.6,68.6,71.7,7.7,10.0,11.0,0.015,566,420,8,0.2,"{""volumetric_slab_penalty"": false}",0.017,,317,409,0.05
G-090,Rayon Palazzo Palazzo / Co-ord set,S-037,palazzo_set,210.01,372.0,398.0,382,3.9,18,0.35,0.54,67.2,77.8,10.1,9.7,10.5,0.015,885,340,15,0.256,"{""volumetric_slab_penalty"": false}",0.034,,356,415,0.05
G-091,Rayon Palazzo Palazzo / Co-ord set,S-021,palazzo_set,187.67,411.0,437.0,440,4.4,410,0.48,0.6,60.5,78.7,8.2,10.7,9.4,0.015,603,180,8,0.351,"{""volumetric_slab_penalty"": false}",0.011,,389,467,0.05
G-092,Printed Palazzo Palazzo / Co-ord set,S-007,palazzo_set,215.23,392.0,404.0,423,3.8,1150,0.44,0.45,59.0,80.2,10.4,7.0,10.8,0.015,493,600,15,0.594,"{""volumetric_slab_penalty"": false}",0.035,,350,429,0.05
G-093,Co-ord Palazzo / Co-ord set,S-010,palazzo_set,185.05,456.0,433.0,447,4.2,96,0.64,0.73,61.8,63.1,7.7,9.6,9.3,0.015,963,60,62,0.184,"{""volumetric_slab_penalty"": false}",0.051,,386,479,0.05
G-094,Rayon Palazzo Palazzo / Co-ord set,S-006,palazzo_set,226.47,344.0,361.0,342,4.2,260,0.71,0.75,67.6,76.5,10.2,10.1,11.3,0.015,705,180,88,0.381,"{""volumetric_slab_penalty"": false}",0.012,,328,386,0.05
G-095,Printed Palazzo Palazzo / Co-ord set,S-035,palazzo_set,203.73,405.0,406.0,419,4.2,42,0.74,0.65,59.2,67.7,7.7,14.6,10.2,0.015,905,600,88,0.243,"{""volumetric_slab_penalty"": false}",0.011,,354,436,0.05
G-096,Printed Palazzo Palazzo / Co-ord set,S-003,palazzo_set,189.21,382.0,369.0,380,4.4,1150,0.73,0.45,59.3,69.5,9.0,17.5,9.5,0.015,802,60,62,0.431,"{""volumetric_slab_penalty"": false}",0.045,,322,387,0.05
G-097,Rayon Palazzo Palazzo / Co-ord set,S-004,palazzo_set,209.75,407.0,411.0,405,4.3,18,0.37,0.72,61.1,76.7,9.7,7.6,10.5,0.015,401,180,88,0.846,"{""volumetric_slab_penalty"": false}",0.026,,376,457,0.05
G-098,Printed Palazzo Palazzo / Co-ord set,S-022,palazzo_set,187.58,417.0,407.0,419,4.5,180,0.41,0.49,73.3,70.0,9.1,17.4,9.4,0.015,839,180,15,0.457,"{""volumetric_slab_penalty"": false}",0.057,,360,435,0.05
G-099,Rayon Palazzo Palazzo / Co-ord set,S-034,palazzo_set,208.7,398.0,392.0,401,3.8,96,0.63,0.57,64.9,64.5,6.6,11.4,10.4,0.015,908,600,88,0.42,"{""volumetric_slab_penalty"": false}",0.046,,342,421,0.05
G-100,Cotton Palazzo Palazzo / Co-ord set,S-008,palazzo_set,220.05,438.0,414.0,425,4.5,260,0.48,0.32,63.1,66.7,7.1,7.0,11.0,0.015,981,600,22,0.62,"{""volumetric_slab_penalty"": false}",0.049,,376,455,0.05
G-101,Co-ord Palazzo / Co-ord set,S-032,palazzo_set,201.7,371.0,370.0,380,4.0,96,0.84,0.36,63.4,70.7,8.7,16.4,10.1,0.015,997,120,34,0.301,"{""volumetric_slab_penalty"": false}",0.026,,328,385,0.05
G-102,Cotton Palazzo Palazzo / Co-ord set,S-029,palazzo_set,223.29,458.0,434.0,459,3.9,42,0.68,0.62,72.1,67.4,8.8,11.9,11.2,0.015,963,600,15,0.195,"{""volumetric_slab_penalty"": false}",0.047,,388,477,0.05
G-103,Rayon Palazzo Palazzo / Co-ord set,S-030,palazzo_set,216.24,395.0,381.0,375,4.4,260,0.5,0.71,70.4,77.1,9.2,16.5,10.8,0.015,987,900,88,0.734,"{""volumetric_slab_penalty"": false}",0.046,,342,396,0.05
G-104,Rayon Palazzo Palazzo / Co-ord set,S-008,palazzo_set,212.79,398.0,425.0,422,3.9,260,0.32,0.63,69.7,63.6,7.7,12.3,10.6,0.015,508,600,88,0.701,"{""volumetric_slab_penalty"": false}",0.013,,376,462,0.05
G-105,Co-ord Palazzo / Co-ord set,S-028,palazzo_set,207.08,431.0,409.0,411,4.0,260,0.52,0.54,61.6,64.9,8.2,11.7,10.4,0.015,850,120,62,0.8,"{""volumetric_slab_penalty"": false}",0.052,,362,448,0.05
G-106,Rayon Palazzo Palazzo / Co-ord set,S-023,palazzo_set,213.48,398.0,402.0,412,4.3,180,0.34,0.36,65.8,76.1,9.8,11.7,10.7,0.015,799,420,34,0.578,"{""volumetric_slab_penalty"": false}",0.01,,357,450,0.05
G-107,Co-ord Palazzo / Co-ord set,S-019,palazzo_set,227.81,373.0,375.0,378,3.9,180,0.45,0.64,67.0,70.9,7.9,7.2,11.4,0.015,694,120,88,0.543,"{""volumetric_slab_penalty"": true}",0.021,,343,415,0.05
G-108,Cotton Palazzo Palazzo / Co-ord set,S-039,palazzo_set,207.58,434.0,428.0,431,4.4,180,0.78,0.32,61.6,70.7,8.7,13.5,10.4,0.015,780,420,62,0.845,"{""volumetric_slab_penalty"": false}",0.019,,370,453,0.05
G-109,Cotton Palazzo Palazzo / Co-ord set,S-018,palazzo_set,223.66,425.0,402.0,414,4.6,42,0.8,0.35,70.2,73.9,8.3,13.9,11.2,0.015,685,420,15,0.556,"{""volumetric_slab_penalty"": false}",0.023,,368,420,0.05
G-110,Co-ord Palazzo / Co-ord set,S-007,palazzo_set,212.48,350.0,366.0,378,4.5,410,0.54,0.6,60.1,70.6,10.0,10.1,10.6,0.015,860,340,22,0.432,"{""volumetric_slab_penalty"": false}",0.056,,317,396,0.05
G-111,Cotton Palazzo Palazzo / Co-ord set,S-025,palazzo_set,210.03,344.0,370.0,376,4.3,410,0.35,0.58,65.2,72.7,9.1,17.0,10.5,0.015,1035,900,15,0.688,"{""volumetric_slab_penalty"": false}",0.026,,340,412,0.05
G-112,Rayon Palazzo Palazzo / Co-ord set,S-022,palazzo_set,204.84,393.0,403.0,380,4.2,42,0.85,0.35,70.9,69.6,7.3,15.9,10.2,0.015,1033,260,62,0.67,"{""volumetric_slab_penalty"": false}",0.02,,353,427,0.05
G-113,Cotton Palazzo Palazzo / Co-ord set,S-022,palazzo_set,212.09,371.0,361.0,363,4.2,18,0.52,0.58,72.8,80.4,9.6,15.1,10.6,0.015,914,600,22,0.746,"{""volumetric_slab_penalty"": false}",0.052,,319,384,0.05
G-114,Cotton Palazzo Palazzo / Co-ord set,S-034,palazzo_set,211.15,419.0,414.0,438,4.0,96,0.82,0.71,59.9,73.0,7.1,7.4,10.6,0.015,508,600,22,0.326,"{""volumetric_slab_penalty"": false}",0.023,,359,453,0.05
G-115,Rayon Palazzo Palazzo / Co-ord set,S-027,palazzo_set,194.48,360.0,370.0,374,3.9,1150,0.61,0.56,67.2,79.4,8.8,17.7,9.7,0.015,422,900,15,0.713,"{""volumetric_slab_penalty"": false}",0.02,,335,405,0.05
G-116,Printed Palazzo Palazzo / Co-ord set,S-004,palazzo_set,199.45,425.0,429.0,443,4.4,42,0.46,0.48,69.0,66.8,10.0,10.4,10.0,0.015,589,260,47,0.171,"{""volumetric_slab_penalty"": false}",0.044,,383,480,0.05
G-117,Rayon Palazzo Palazzo / Co-ord set,S-021,palazzo_set,197.0,407.0,435.0,416,4.4,1150,0.68,0.49,68.5,69.8,8.7,11.2,9.8,0.015,951,340,22,0.17,"{""volumetric_slab_penalty"": false}",0.043,,376,468,0.05
G-118,Printed Palazzo Palazzo / Co-ord set,S-029,palazzo_set,212.03,404.0,390.0,384,4.2,18,0.73,0.31,71.5,71.7,7.5,16.2,10.6,0.015,489,420,8,0.659,"{""volumetric_slab_penalty"": false}",0.017,,357,421,0.05
G-119,Georgette Saree,S-029,saree,299.13,474.0,510.0,521,4.4,18,0.75,0.41,71.1,88.5,8.4,17.0,15.0,0.015,682,260,34,0.403,"{""volumetric_slab_penalty"": false}",0.033,,457,533,0.05
G-120,Chiffon Saree,S-004,saree,340.65,539.0,564.0,534,4.4,1150,0.78,0.63,80.9,88.6,8.2,8.2,17.0,0.015,690,260,34,0.707,"{""volumetric_slab_penalty"": false}",0.059,,490,618,0.05
G-121,Cotton Handloom Saree,S-004,saree,346.64,520.0,522.0,510,4.5,96,0.72,0.41,82.4,85.9,11.7,11.0,17.3,0.015,421,120,88,0.354,"{""volumetric_slab_penalty"": false}",0.041,,455,549,0.05
G-122,Banarasi Saree,S-019,saree,345.47,522.0,498.0,495,3.6,180,0.76,0.33,76.5,78.8,9.2,10.5,17.3,0.015,502,340,8,0.056,"{""volumetric_slab_penalty"": false}",0.044,,429,555,0.05
G-123,Georgette Saree,S-008,saree,340.41,562.0,567.0,554,3.8,42,0.64,0.45,82.2,84.0,11.1,11.7,17.0,0.015,437,180,8,0.579,"{""volumetric_slab_penalty"": false}",0.049,,506,617,0.05
G-124,Kanjivaram Saree,S-007,saree,298.43,623.0,598.0,603,3.7,1150,0.55,0.59,75.4,79.9,9.3,9.0,14.9,0.015,691,600,34,0.351,"{""volumetric_slab_penalty"": false}",0.029,,515,647,0.05
G-125,Banarasi Saree,S-004,saree,288.14,578.0,589.0,604,3.9,96,0.7,0.47,74.7,93.2,10.8,16.6,14.4,0.015,286,180,8,0.127,"{""volumetric_slab_penalty"": false}",0.037,,532,631,0.05
G-126,Kanjivaram Saree,S-025,saree,307.41,474.0,511.0,521,3.7,260,0.36,0.35,80.8,95.2,11.9,16.8,15.4,0.015,429,180,62,0.255,"{""volumetric_slab_penalty"": false}",0.035,,457,560,0.05
G-127,Cotton Handloom Saree,S-034,saree,304.17,528.0,553.0,527,4.3,410,0.31,0.45,82.5,90.1,12.8,16.9,15.2,0.015,634,420,22,0.757,"{""volumetric_slab_penalty"": true}",0.016,,481,586,0.05
G-128,Kanjivaram Saree,S-003,saree,323.41,486.0,496.0,480,4.0,96,0.74,0.66,83.2,82.6,12.4,13.7,16.2,0.015,559,60,22,0.698,"{""volumetric_slab_penalty"": false}",0.044,,432,530,0.05
G-129,Cotton Handloom Saree,S-023,saree,346.95,558.0,570.0,550,4.2,260,0.81,0.71,80.7,94.9,9.5,15.9,17.3,0.015,444,180,88,0.199,"{""volumetric_slab_penalty"": false}",0.011,,498,624,0.05
G-130,Chiffon Saree,S-009,saree,343.88,520.0,520.0,520,3.7,720,0.52,0.41,80.8,84.0,12.8,9.3,17.2,0.015,684,60,22,0.788,"{""volumetric_slab_penalty"": false}",0.044,,451,552,0.05
G-131,Chiffon Saree,S-018,saree,341.94,560.0,555.0,530,4.2,42,0.48,0.42,76.0,94.7,10.0,17.8,17.1,0.015,317,340,34,0.272,"{""volumetric_slab_penalty"": false}",0.027,,480,586,0.05
G-132,Kanjivaram Saree,S-038,saree,279.37,515.0,503.0,519,4.1,18,0.82,0.75,85.8,82.4,12.4,13.1,14.0,0.015,695,340,34,0.125,"{""volumetric_slab_penalty"": false}",0.043,,457,531,0.05
G-133,Banarasi Saree,S-012,saree,291.06,561.0,539.0,524,4.0,410,0.37,0.68,73.8,88.6,12.0,13.2,14.6,0.015,520,60,22,0.419,"{""volumetric_slab_penalty"": false}",0.025,,475,597,0.05
G-134,Georgette Saree,S-033,saree,338.07,489.0,511.0,503,4.1,18,0.4,0.31,82.7,95.8,9.7,16.5,16.9,0.015,619,120,47,0.188,"{""volumetric_slab_penalty"": false}",0.057,,444,532,0.05
G-135,Kanjivaram Saree,S-004,saree,310.3,553.0,567.0,577,4.3,410,0.81,0.36,85.8,81.1,10.6,17.9,15.5,0.015,533,180,62,0.443,"{""volumetric_slab_penalty"": false}",0.046,,517,617,0.05
G-136,Cotton Handloom Saree,S-005,saree,313.71,534.0,551.0,557,4.4,410,0.38,0.35,79.1,75.7,12.1,12.8,15.7,0.015,499,260,15,0.242,"{""volumetric_slab_penalty"": false}",0.039,,493,599,0.05
G-137,Chiffon Saree,S-036,saree,322.36,492.0,522.0,493,3.6,180,0.51,0.67,75.1,94.5,9.7,17.3,16.1,0.015,626,180,47,0.502,"{""volumetric_slab_penalty"": false}",0.039,,464,573,0.05
G-138,Cotton Handloom Saree,S-005,saree,298.27,462.0,498.0,523,4.0,720,0.7,0.68,86.6,89.2,9.7,10.3,14.9,0.015,565,260,22,0.129,"{""volumetric_slab_penalty"": false}",0.059,,447,553,0.05
G-139,Kanjivaram Saree,S-026,saree,284.04,600.0,593.0,562,3.9,720,0.45,0.32,78.6,87.2,9.9,16.9,14.2,0.015,550,900,22,0.457,"{""volumetric_slab_penalty"": false}",0.048,,538,623,0.05
G-140,Georgette Saree,S-033,saree,315.81,584.0,569.0,559,4.5,410,0.34,0.74,84.7,77.7,11.1,14.2,15.8,0.015,328,900,47,0.465,"{""volumetric_slab_penalty"": false}",0.044,,492,598,0.05
G-141,Georgette Saree,S-018,saree,345.3,592.0,591.0,597,4.5,720,0.33,0.38,80.5,91.5,10.7,10.2,17.3,0.015,666,180,47,0.213,"{""volumetric_slab_penalty"": false}",0.045,,538,621,0.05
G-142,Georgette Saree,S-011,saree,298.0,560.0,567.0,580,3.9,42,0.41,0.46,83.5,96.0,12.9,7.1,14.9,0.015,577,900,8,0.554,"{""volumetric_slab_penalty"": false}",0.055,,500,603,0.05
G-143,Cotton Handloom Saree,S-008,saree,320.24,524.0,498.0,499,4.5,96,0.71,0.67,72.9,87.7,9.4,15.3,16.0,0.015,487,420,88,0.534,"{""volumetric_slab_penalty"": false}",0.056,,449,544,0.05
G-144,Cotton Handloom Saree,S-037,saree,293.62,610.0,577.0,573,4.0,260,0.41,0.49,78.4,91.0,8.2,8.1,14.7,0.015,628,120,34,0.674,"{""volumetric_slab_penalty"": true}",0.038,,511,618,0.05
G-145,Cotton Handloom Saree,S-021,saree,309.17,593.0,588.0,588,4.4,18,0.83,0.57,78.7,95.2,8.6,14.4,15.5,0.015,749,900,15,0.453,"{""volumetric_slab_penalty"": false}",0.018,,532,624,0.05
G-146,Kanjivaram Saree,S-018,saree,333.67,499.0,506.0,500,4.3,18,0.44,0.71,79.4,75.8,12.8,16.4,16.7,0.015,622,120,47,0.529,"{""volumetric_slab_penalty"": false}",0.049,,464,563,0.05
G-147,Chiffon Saree,S-007,saree,344.88,531.0,521.0,491,4.1,180,0.72,0.53,72.5,87.5,8.6,17.9,17.2,0.015,508,260,22,0.568,"{""volumetric_slab_penalty"": false}",0.035,,458,544,0.05
G-148,Kanjivaram Saree,S-034,saree,313.82,512.0,498.0,503,4.2,180,0.79,0.42,89.5,88.2,12.2,16.4,15.7,0.015,723,600,47,0.462,"{""volumetric_slab_penalty"": false}",0.048,,454,550,0.05
G-149,Banarasi Saree,S-025,saree,283.85,589.0,582.0,615,3.9,18,0.81,0.32,81.0,83.2,12.0,15.9,14.2,0.015,317,340,47,0.28,"{""volumetric_slab_penalty"": false}",0.032,,534,633,0.05
G-150,Chiffon Saree,S-004,saree,318.4,523.0,517.0,519,4.2,42,0.55,0.64,79.7,80.3,12.6,7.6,15.9,0.015,711,600,47,0.311,"{""volumetric_slab_penalty"": false}",0.022,,469,559,0.05
G-151,Chiffon Saree,S-033,saree,325.11,544.0,542.0,561,4.3,410,0.64,0.58,72.5,93.7,10.3,7.8,16.3,0.015,600,900,8,0.68,"{""volumetric_slab_penalty"": false}",0.022,,488,600,0.05
G-152,Georgette Saree,S-005,saree,298.19,497.0,513.0,509,3.6,18,0.48,0.33,82.1,80.9,12.4,7.7,14.9,0.015,625,600,62,0.052,"{""volumetric_slab_penalty"": false}",0.036,,450,557,0.05
G-153,Banarasi Saree,S-035,saree,329.31,603.0,582.0,617,3.7,18,0.6,0.53,76.8,82.8,10.2,12.3,16.5,0.015,531,180,62,0.691,"{""volumetric_slab_penalty"": false}",0.045,,519,637,0.05
G-154,Georgette Saree,S-037,saree,307.59,614.0,586.0,589,4.5,180,0.39,0.43,73.2,76.5,12.2,9.7,15.4,0.015,401,260,88,0.338,"{""volumetric_slab_penalty"": false}",0.032,,512,655,0.05
G-155,Georgette Saree,S-005,saree,316.6,521.0,540.0,554,3.7,720,0.39,0.64,75.6,91.3,12.7,10.4,15.8,0.015,421,600,34,0.312,"{""volumetric_slab_penalty"": false}",0.01,,486,572,0.05
G-156,Georgette Saree,S-039,saree,301.04,610.0,578.0,609,3.7,410,0.56,0.42,71.3,94.5,11.0,13.5,15.1,0.015,757,60,47,0.465,"{""volumetric_slab_penalty"": false}",0.014,,512,618,0.05
G-157,Banarasi Saree,S-022,saree,311.08,511.0,518.0,502,4.0,96,0.75,0.67,83.9,84.9,9.1,10.4,15.6,0.015,610,900,88,0.072,"{""volumetric_slab_penalty"": false}",0.022,,460,570,0.05
G-158,Georgette Saree,S-038,saree,316.99,609.0,597.0,588,3.9,18,0.59,0.54,79.9,95.5,11.8,11.4,15.8,0.015,374,900,62,0.287,"{""volumetric_slab_penalty"": true}",0.035,,526,622,0.05
G-159,Georgette Saree,S-024,saree,321.05,537.0,552.0,572,3.9,260,0.62,0.52,83.9,81.1,11.8,15.6,16.1,0.015,768,180,47,0.509,"{""volumetric_slab_penalty"": true}",0.013,,492,575,0.05
G-160,Chiffon Saree,S-025,saree,331.4,553.0,601.0,594,4.0,96,0.76,0.62,81.7,89.6,9.1,7.9,16.6,0.015,769,60,88,0.258,"{""volumetric_slab_penalty"": false}",0.019,,537,626,0.05
G-161,Chiffon Saree,S-036,saree,328.02,601.0,588.0,610,4.0,42,0.67,0.35,85.7,84.5,8.6,14.0,16.4,0.015,697,600,88,0.517,"{""volumetric_slab_penalty"": false}",0.019,,521,624,0.05
G-162,Cotton Handloom Saree,S-009,saree,282.37,582.0,581.0,602,4.1,410,0.41,0.74,71.3,86.9,9.5,7.9,14.1,0.015,428,120,34,0.431,"{""volumetric_slab_penalty"": false}",0.01,,525,619,0.05
G-163,Banarasi Saree,S-033,saree,346.61,550.0,560.0,549,4.5,180,0.7,0.74,72.3,91.0,10.1,8.0,17.3,0.015,534,420,34,0.82,"{""volumetric_slab_penalty"": false}",0.018,,495,594,0.05
G-164,Banarasi Saree,S-008,saree,331.35,575.0,600.0,592,4.2,410,0.78,0.4,76.9,84.7,12.2,12.6,16.6,0.015,333,600,62,0.114,"{""volumetric_slab_penalty"": false}",0.013,,526,633,0.05
G-165,Banarasi Saree,S-016,saree,320.05,584.0,552.0,578,4.6,260,0.7,0.53,78.7,86.9,9.6,7.0,16.0,0.015,623,420,22,0.093,"{""volumetric_slab_penalty"": false}",0.034,,476,581,0.05
G-166,Georgette Saree,S-028,saree,319.38,585.0,558.0,568,4.1,42,0.57,0.69,89.0,88.6,9.3,11.8,16.0,0.015,382,900,88,0.17,"{""volumetric_slab_penalty"": false}",0.013,,492,622,0.05
G-167,Kanjivaram Saree,S-008,saree,295.87,608.0,603.0,608,3.9,720,0.53,0.72,89.5,85.4,11.3,14.5,14.8,0.015,378,420,47,0.723,"{""volumetric_slab_penalty"": false}",0.036,,524,657,0.05
G-168,Chiffon Saree,S-003,saree,304.6,489.0,496.0,512,3.6,720,0.31,0.4,87.2,82.3,12.4,7.7,15.2,0.015,314,260,62,0.674,"{""volumetric_slab_penalty"": false}",0.044,,450,534,0.05
G-169,Chiffon Saree,S-002,saree,340.34,609.0,582.0,576,4.3,18,0.76,0.58,83.9,96.4,11.9,7.1,17.0,0.015,737,420,62,0.135,"{""volumetric_slab_penalty"": false}",0.052,,518,622,0.05
G-170,Georgette Saree,S-037,saree,301.92,501.0,522.0,503,3.6,180,0.32,0.7,77.1,94.0,9.1,16.9,15.1,0.015,380,600,8,0.186,"{""volumetric_slab_penalty"": false}",0.045,,458,575,0.05
G-171,Cotton Handloom Saree,S-009,saree,343.21,563.0,536.0,557,4.5,260,0.39,0.4,74.1,79.2,12.3,9.3,17.2,0.015,691,900,62,0.169,"{""volumetric_slab_penalty"": false}",0.023,,472,570,0.05
G-172,Chiffon Saree,S-020,saree,342.57,466.0,499.0,480,4.3,18,0.46,0.6,75.4,82.4,10.4,7.3,17.1,0.015,371,900,22,0.124,"{""volumetric_slab_penalty"": false}",0.023,,450,521,0.05
G-173,Cotton Handloom Saree,S-033,saree,280.21,548.0,544.0,542,3.8,720,0.52,0.66,82.9,84.5,11.5,16.4,14.0,0.015,353,120,8,0.273,"{""volumetric_slab_penalty"": false}",0.021,,478,576,0.05
G-174,Kanjivaram Saree,S-035,saree,304.09,629.0,594.0,604,4.3,260,0.59,0.51,83.5,90.8,10.5,13.8,15.2,0.015,755,900,34,0.234,"{""volumetric_slab_penalty"": false}",0.02,,522,646,0.05
G-175,Kanjivaram Saree,S-008,saree,298.59,574.0,549.0,561,3.9,720,0.32,0.55,80.1,82.7,10.5,9.2,14.9,0.015,332,120,62,0.398,"{""volumetric_slab_penalty"": false}",0.012,,478,580,0.05
G-176,Banarasi Saree,S-007,saree,280.35,511.0,500.0,484,4.5,180,0.65,0.7,88.5,94.5,8.9,7.1,14.0,0.015,365,260,34,0.244,"{""volumetric_slab_penalty"": true}",0.039,,451,555,0.05
G-177,Kanjivaram Saree,S-010,saree,307.12,495.0,510.0,484,4.2,1150,0.61,0.45,87.3,91.1,8.1,7.2,15.4,0.015,766,260,8,0.81,"{""volumetric_slab_penalty"": false}",0.032,,468,550,0.05
G-178,Mirror Work Lehenga,S-032,lehenga,632.08,1337.0,1405.0,1408,3.8,18,0.33,0.31,139.4,148.4,21.4,10.6,31.6,0.015,302,120,62,0.384,"{""volumetric_slab_penalty"": false}",0.031,,1291,1573,0.05
G-179,Velvet Lehenga,S-005,lehenga,714.47,1227.0,1302.0,1348,4.2,180,0.48,0.46,138.0,158.2,19.4,17.8,35.7,0.015,291,260,8,0.261,"{""volumetric_slab_penalty"": false}",0.057,,1156,1394,0.05
G-180,Sequin Lehenga,S-016,lehenga,658.77,1373.0,1400.0,1438,3.6,42,0.32,0.53,137.0,150.0,23.1,13.5,32.9,0.015,377,420,34,0.729,"{""volumetric_slab_penalty"": false}",0.025,,1215,1553,0.05
G-181,Bridal Lehenga,S-003,lehenga,649.55,1228.0,1251.0,1196,3.6,180,0.56,0.55,121.2,138.4,19.4,11.8,32.5,0.015,181,600,22,0.184,"{""volumetric_slab_penalty"": false}",0.021,,1080,1321,0.05
G-182,Georgette Lehenga,S-036,lehenga,667.08,1174.0,1204.0,1271,4.1,260,0.62,0.31,134.6,155.4,15.8,17.8,33.4,0.015,333,900,62,0.49,"{""volumetric_slab_penalty"": false}",0.058,,1063,1323,0.05
G-183,Velvet Lehenga,S-030,lehenga,673.25,1231.0,1322.0,1353,4.6,720,0.41,0.5,127.4,146.2,16.3,12.9,33.7,0.015,274,60,62,0.487,"{""volumetric_slab_penalty"": false}",0.024,,1170,1391,0.05
G-184,Velvet Lehenga,S-020,lehenga,674.19,1354.0,1383.0,1444,4.6,410,0.76,0.4,137.3,151.5,17.7,11.6,33.7,0.015,414,420,47,0.64,"{""volumetric_slab_penalty"": false}",0.043,,1234,1487,0.05
G-185,Velvet Lehenga,S-036,lehenga,632.1,1261.0,1270.0,1321,3.7,410,0.63,0.31,126.7,143.6,22.9,8.6,31.6,0.015,284,900,8,0.288,"{""volumetric_slab_penalty"": false}",0.025,,1111,1385,0.05
G-186,Mirror Work Lehenga,S-004,lehenga,619.05,1113.0,1188.0,1257,4.5,96,0.51,0.43,134.6,155.2,23.0,13.2,31.0,0.015,330,260,62,0.505,"{""volumetric_slab_penalty"": false}",0.028,,1088,1329,0.05
G-187,Bridal Lehenga,S-007,lehenga,632.14,1400.0,1356.0,1364,4.6,42,0.52,0.37,148.2,163.6,14.6,11.8,31.6,0.015,381,420,88,0.742,"{""volumetric_slab_penalty"": false}",0.025,,1201,1495,0.05
G-188,Mirror Work Lehenga,S-002,lehenga,578.81,1438.0,1388.0,1447,3.8,410,0.68,0.45,148.9,158.5,18.2,12.0,28.9,0.015,411,60,22,0.05,"{""volumetric_slab_penalty"": false}",0.031,,1262,1482,0.05
G-189,Georgette Lehenga,S-014,lehenga,647.69,1246.0,1276.0,1330,4.2,260,0.55,0.55,125.2,146.1,16.1,12.9,32.4,0.015,220,260,88,0.55,"{""volumetric_slab_penalty"": false}",0.06,,1112,1354,0.05
G-190,Sequin Lehenga,S-034,lehenga,663.61,1297.0,1250.0,1325,4.1,410,0.69,0.43,136.2,148.4,21.4,9.7,33.2,0.015,359,180,47,0.583,"{""volumetric_slab_penalty"": false}",0.018,,1079,1373,0.05
G-191,Georgette Lehenga,S-031,lehenga,589.23,1235.0,1228.0,1178,4.0,180,0.82,0.53,120.2,152.6,23.0,17.8,29.5,0.015,175,600,8,0.529,"{""volumetric_slab_penalty"": false}",0.06,,1095,1302,0.05
G-192,Georgette Lehenga,S-003,lehenga,604.62,1469.0,1388.0,1362,4.0,180,0.75,0.31,135.9,140.3,15.6,8.0,30.2,0.015,356,120,22,0.516,"{""volumetric_slab_penalty"": false}",0.043,,1268,1549,0.05
G-193,Mirror Work Lehenga,S-012,lehenga,646.07,1351.0,1320.0,1388,4.6,180,0.33,0.57,143.1,145.0,21.0,11.6,32.3,0.015,393,340,22,0.394,"{""volumetric_slab_penalty"": false}",0.018,,1158,1428,0.05
G-194,Velvet Lehenga,S-022,lehenga,701.6,1225.0,1303.0,1376,4.0,260,0.68,0.41,137.3,143.8,21.3,13.1,35.1,0.015,159,900,34,0.72,"{""volumetric_slab_penalty"": false}",0.017,,1197,1365,0.05
G-195,Sequin Lehenga,S-027,lehenga,704.12,1287.0,1291.0,1224,4.0,18,0.51,0.57,126.9,144.4,20.8,17.4,35.2,0.015,377,60,62,0.456,"{""volumetric_slab_penalty"": true}",0.046,,1186,1394,0.05
G-196,Georgette Lehenga,S-003,lehenga,666.14,1199.0,1234.0,1254,4.4,180,0.48,0.73,138.9,164.0,16.9,9.6,33.3,0.015,376,260,15,0.668,"{""volumetric_slab_penalty"": false}",0.043,,1081,1324,0.05
G-197,Sequin Lehenga,S-032,lehenga,622.89,1481.0,1428.0,1364,4.5,96,0.48,0.58,146.8,148.0,16.4,14.6,31.1,0.015,207,900,8,0.477,"{""volumetric_slab_penalty"": false}",0.045,,1251,1577,0.05
G-198,Mirror Work Lehenga,S-038,lehenga,647.43,1311.0,1401.0,1419,4.6,1150,0.47,0.62,129.7,163.8,22.6,8.4,32.4,0.015,354,600,34,0.576,"{""volumetric_slab_penalty"": false}",0.02,,1249,1521,0.05
G-199,Sequin Lehenga,S-030,lehenga,658.58,1237.0,1250.0,1181,4.5,720,0.53,0.6,125.9,144.4,17.2,15.0,32.9,0.015,159,60,47,0.476,"{""volumetric_slab_penalty"": false}",0.026,,1132,1337,0.05
G-200,Georgette Lehenga,S-011,lehenga,607.21,1313.0,1415.0,1345,4.2,96,0.5,0.33,120.3,153.5,21.3,16.8,30.4,0.015,347,60,62,0.617,"{""volumetric_slab_penalty"": false}",0.059,,1277,1545,0.05
G-201,Velvet Lehenga,S-023,lehenga,689.36,1239.0,1258.0,1256,4.5,720,0.34,0.37,131.1,161.3,15.5,11.2,34.5,0.015,345,340,34,0.065,"{""volumetric_slab_penalty"": true}",0.021,,1128,1339,0.05
G-202,Velvet Lehenga,S-014,lehenga,582.8,1296.0,1226.0,1191,4.1,260,0.79,0.74,141.9,149.5,21.4,9.2,29.1,0.015,417,900,22,0.726,"{""volumetric_slab_penalty"": false}",0.033,,1116,1366,0.05
G-203,Georgette Lehenga,S-007,lehenga,621.25,1143.0,1236.0,1203,4.3,96,0.48,0.49,141.2,147.2,17.1,12.3,31.1,0.015,292,60,47,0.836,"{""volumetric_slab_penalty"": false}",0.012,,1112,1335,0.05
G-204,Sequin Lehenga,S-023,lehenga,590.9,1341.0,1406.0,1463,4.4,180,0.44,0.37,149.9,163.4,20.3,10.1,29.5,0.015,334,120,8,0.263,"{""volumetric_slab_penalty"": false}",0.038,,1260,1531,0.05
G-205,Sequin Lehenga,S-024,lehenga,627.64,1206.0,1188.0,1250,4.4,720,0.43,0.48,126.3,165.2,14.6,7.4,31.4,0.015,225,260,15,0.255,"{""volumetric_slab_penalty"": false}",0.031,,1090,1320,0.05
G-206,Bridal Lehenga,S-003,lehenga,667.24,1349.0,1284.0,1330,4.2,720,0.46,0.39,133.3,160.3,19.1,8.7,33.4,0.015,221,340,47,0.177,"{""volumetric_slab_penalty"": false}",0.047,,1108,1369,0.05
G-207,Velvet Lehenga,S-028,lehenga,653.72,1423.0,1418.0,1446,4.5,260,0.78,0.43,146.7,150.5,17.5,8.5,32.7,0.015,211,600,8,0.194,"{""volumetric_slab_penalty"": false}",0.011,,1236,1478,0.05
G-208,Bridal Lehenga,S-030,lehenga,597.79,1286.0,1377.0,1331,4.2,1150,0.38,0.35,135.9,145.8,20.9,16.1,29.9,0.015,232,340,88,0.647,"{""volumetric_slab_penalty"": false}",0.038,,1259,1504,0.05
G-209,Bridal Lehenga,S-025,lehenga,641.51,1220.0,1214.0,1266,4.2,1150,0.4,0.48,144.9,166.2,18.8,17.7,32.1,0.015,213,60,62,0.634,"{""volumetric_slab_penalty"": false}",0.035,,1096,1272,0.05
G-210,Bridal Lehenga,S-003,lehenga,692.13,1184.0,1206.0,1203,4.1,96,0.31,0.46,140.8,165.6,23.3,17.8,34.6,0.015,201,900,34,0.479,"{""volumetric_slab_penalty"": false}",0.045,,1076,1341,0.05
G-211,Velvet Lehenga,S-032,lehenga,701.52,1237.0,1231.0,1159,4.2,42,0.83,0.46,127.5,146.1,22.2,15.4,35.1,0.015,317,120,15,0.681,"{""volumetric_slab_penalty"": false}",0.053,,1109,1360,0.05
G-212,Georgette Lehenga,S-034,lehenga,608.25,1274.0,1375.0,1399,3.7,410,0.56,0.67,119.2,156.2,17.5,9.7,30.4,0.015,200,60,8,0.33,"{""volumetric_slab_penalty"": false}",0.012,,1215,1520,0.05
G-213,Sequin Lehenga,S-005,lehenga,631.06,1377.0,1397.0,1393,4.3,96,0.38,0.43,127.5,146.1,15.7,13.7,31.6,0.015,379,60,88,0.446,"{""volumetric_slab_penalty"": false}",0.03,,1285,1463,0.05
G-214,Sequin Lehenga,S-039,lehenga,631.59,1168.0,1249.0,1303,3.8,1150,0.42,0.73,142.4,144.6,16.9,16.4,31.6,0.015,208,420,15,0.784,"{""volumetric_slab_penalty"": true}",0.01,,1148,1326,0.05
G-215,Bridal Lehenga,S-008,lehenga,619.08,1343.0,1322.0,1400,4.2,96,0.75,0.48,148.9,152.0,16.1,10.1,31.0,0.015,326,60,8,0.271,"{""volumetric_slab_penalty"": false}",0.013,,1170,1415,0.05
G-216,Velvet Lehenga,S-026,lehenga,680.95,1357.0,1323.0,1391,3.9,720,0.69,0.56,128.3,139.0,19.4,7.6,34.0,0.015,384,120,8,0.694,"{""volumetric_slab_penalty"": false}",0.051,,1151,1400,0.05
G-217,Georgette Lehenga,S-034,lehenga,627.47,1293.0,1336.0,1287,4.0,720,0.53,0.43,128.5,139.7,17.1,13.0,31.4,0.015,312,180,22,0.093,"{""volumetric_slab_penalty"": false}",0.023,,1195,1392,0.05
G-218,Velvet Lehenga,S-026,lehenga,631.21,1307.0,1301.0,1281,3.9,260,0.38,0.74,143.9,143.6,18.6,10.3,31.6,0.015,309,420,47,0.559,"{""volumetric_slab_penalty"": false}",0.016,,1187,1420,0.05
G-219,Velvet Lehenga,S-031,lehenga,680.81,1135.0,1200.0,1206,4.2,180,0.55,0.47,135.6,153.6,15.2,9.6,34.0,0.015,256,420,34,0.511,"{""volumetric_slab_penalty"": false}",0.045,,1094,1287,0.05
G-220,Georgette Lehenga,S-007,lehenga,586.14,1304.0,1277.0,1213,4.4,96,0.67,0.43,147.0,139.5,15.1,7.3,29.3,0.015,381,60,22,0.094,"{""volumetric_slab_penalty"": false}",0.046,,1167,1343,0.05
G-221,Velvet Lehenga,S-029,lehenga,630.63,1226.0,1247.0,1245,3.7,96,0.4,0.3,119.8,134.0,18.6,15.3,31.5,0.015,260,60,62,0.561,"{""volumetric_slab_penalty"": false}",0.056,,1146,1378,0.05
G-222,Sequin Lehenga,S-026,lehenga,598.66,1295.0,1339.0,1264,4.4,180,0.46,0.37,129.2,158.6,21.1,8.4,29.9,0.015,376,180,62,0.1,"{""volumetric_slab_penalty"": false}",0.058,,1213,1420,0.05
G-223,Bridal Lehenga,S-037,lehenga,648.72,1363.0,1401.0,1346,3.8,720,0.34,0.37,149.3,165.6,21.8,10.7,32.4,0.015,349,260,34,0.104,"{""volumetric_slab_penalty"": false}",0.051,,1215,1500,0.05
G-224,Sequin Lehenga,S-029,lehenga,603.73,1200.0,1276.0,1321,4.6,1150,0.73,0.46,137.0,148.4,22.5,8.6,30.2,0.015,415,60,47,0.318,"{""volumetric_slab_penalty"": false}",0.043,,1099,1334,0.05
G-225,Georgette Lehenga,S-012,lehenga,602.57,1460.0,1390.0,1395,4.3,410,0.51,0.51,130.0,147.9,15.8,13.5,30.1,0.015,320,260,22,0.792,"{""volumetric_slab_penalty"": true}",0.023,,1221,1467,0.05
G-226,Sequin Lehenga,S-006,lehenga,708.15,1204.0,1276.0,1252,3.9,1150,0.45,0.63,120.2,158.2,16.8,7.3,35.4,0.015,222,600,62,0.444,"{""volumetric_slab_penalty"": true}",0.053,,1172,1392,0.05
G-227,Georgette Lehenga,S-024,lehenga,709.34,1362.0,1394.0,1404,3.8,180,0.54,0.63,144.8,146.4,20.5,15.9,35.5,0.015,404,340,22,0.397,"{""volumetric_slab_penalty"": false}",0.031,,1248,1472,0.05
G-228,Sequin Lehenga,S-035,lehenga,615.31,1289.0,1297.0,1316,4.1,18,0.83,0.33,125.3,137.6,19.6,15.6,30.8,0.015,169,180,34,0.154,"{""volumetric_slab_penalty"": false}",0.032,,1118,1413,0.05
G-229,Velvet Lehenga,S-026,lehenga,651.13,1453.0,1421.0,1362,3.8,42,0.74,0.66,150.8,138.8,14.4,13.6,32.6,0.015,254,180,62,0.335,"{""volumetric_slab_penalty"": false}",0.045,,1240,1574,0.05
G-230,Georgette Lehenga,S-030,lehenga,710.02,1363.0,1335.0,1284,4.4,18,0.42,0.58,141.7,150.3,15.4,10.8,35.5,0.015,369,260,22,0.702,"{""volumetric_slab_penalty"": false}",0.031,,1181,1451,0.05
G-231,Sequin Lehenga,S-016,lehenga,681.04,1207.0,1169.0,1121,3.8,410,0.33,0.64,127.4,141.1,20.2,15.7,34.1,0.015,218,60,62,0.084,"{""volumetric_slab_penalty"": false}",0.051,,1040,1263,0.05
G-232,Bridal Lehenga,S-023,lehenga,579.11,1384.0,1366.0,1373,3.7,42,0.39,0.53,135.5,156.2,23.2,17.6,29.0,0.015,419,180,88,0.324,"{""volumetric_slab_penalty"": false}",0.044,,1175,1513,0.05
G-233,Mirror Work Lehenga,S-010,lehenga,696.81,1349.0,1373.0,1375,4.6,410,0.79,0.44,138.0,134.8,18.5,17.9,34.8,0.015,294,340,8,0.325,"{""volumetric_slab_penalty"": false}",0.036,,1188,1442,0.05
G-234,Bridal Lehenga,S-028,lehenga,638.5,1418.0,1390.0,1398,4.6,260,0.63,0.41,130.3,166.6,19.7,10.4,31.9,0.015,354,420,34,0.822,"{""volumetric_slab_penalty"": false}",0.033,,1263,1549,0.05
G-235,Mirror Work Lehenga,S-006,lehenga,658.57,1269.0,1297.0,1349,4.4,180,0.81,0.63,124.6,153.4,17.4,12.4,32.9,0.015,365,600,8,0.119,"{""volumetric_slab_penalty"": false}",0.011,,1157,1434,0.05
G-236,Bridal Lehenga,S-033,lehenga,660.69,1206.0,1206.0,1247,4.1,410,0.8,0.68,119.6,133.3,15.0,14.4,33.0,0.015,289,60,34,0.711,"{""volumetric_slab_penalty"": false}",0.055,,1088,1289,0.05
G-237,Graphic Men's T-shirt,S-002,mens_tee,142.55,267.0,286.0,279,4.4,180,0.39,0.33,55.6,60.9,5.0,15.0,7.1,0.015,989,180,15,0.156,"{""volumetric_slab_penalty"": false}",0.057,,261,307,0.05
G-238,Polo Men's T-shirt,S-023,mens_tee,150.68,285.0,303.0,291,4.4,410,0.57,0.55,56.8,58.0,6.2,17.3,7.5,0.015,578,60,88,0.26,"{""volumetric_slab_penalty"": false}",0.025,,274,328,0.05
G-239,Round Neck Men's T-shirt,S-034,mens_tee,141.01,316.0,314.0,306,3.8,180,0.77,0.52,57.0,62.4,6.7,11.2,7.1,0.015,1003,600,8,0.794,"{""volumetric_slab_penalty"": false}",0.04,,274,329,0.05
G-240,Polo Men's T-shirt,S-020,mens_tee,129.53,274.0,276.0,288,4.0,18,0.73,0.36,55.9,70.1,5.2,14.0,6.5,0.015,625,260,34,0.678,"{""volumetric_slab_penalty"": false}",0.017,,246,298,0.05
G-241,Graphic Men's T-shirt,S-005,mens_tee,133.66,292.0,310.0,307,3.8,260,0.5,0.31,63.2,63.8,5.2,11.0,6.7,0.015,1224,180,15,0.157,"{""volumetric_slab_penalty"": true}",0.035,,285,347,0.05
G-242,Graphic Men's T-shirt,S-007,mens_tee,126.17,324.0,320.0,316,4.2,42,0.54,0.31,55.1,63.5,7.0,9.7,6.3,0.015,511,120,8,0.467,"{""volumetric_slab_penalty"": false}",0.019,,280,352,0.05
G-243,Graphic Men's T-shirt,S-035,mens_tee,139.3,298.0,286.0,287,3.9,42,0.3,0.36,61.8,61.4,6.6,14.5,7.0,0.015,968,60,34,0.645,"{""volumetric_slab_penalty"": true}",0.022,,261,300,0.05
G-244,Solid Men's T-shirt,S-019,mens_tee,130.7,257.0,279.0,282,4.1,260,0.76,0.36,50.8,62.6,5.5,14.8,6.5,0.015,718,420,88,0.584,"{""volumetric_slab_penalty"": false}",0.033,,246,306,0.05
G-245,Round Neck Men's T-shirt,S-020,mens_tee,148.73,274.0,271.0,285,3.7,180,0.74,0.64,54.4,58.5,5.1,13.9,7.4,0.015,925,600,47,0.768,"{""volumetric_slab_penalty"": false}",0.047,,245,295,0.05
G-246,Oversized Men's T-shirt,S-027,mens_tee,127.33,290.0,300.0,311,4.0,180,0.3,0.52,52.7,68.3,7.1,15.2,6.4,0.015,834,420,47,0.59,"{""volumetric_slab_penalty"": false}",0.034,,263,334,0.05
G-247,Oversized Men's T-shirt,S-005,mens_tee,141.74,297.0,295.0,295,3.9,410,0.71,0.59,51.0,65.7,6.7,9.4,7.1,0.015,739,260,47,0.234,"{""volumetric_slab_penalty"": true}",0.046,,266,318,0.05
G-248,Polo Men's T-shirt,S-022,mens_tee,148.81,283.0,270.0,259,3.7,410,0.68,0.53,52.1,65.5,7.1,17.1,7.4,0.015,788,600,47,0.695,"{""volumetric_slab_penalty"": false}",0.058,,245,301,0.05
G-249,Graphic Men's T-shirt,S-026,mens_tee,137.2,285.0,271.0,281,4.6,96,0.34,0.35,51.1,71.0,5.0,7.7,6.9,0.015,604,120,22,0.115,"{""volumetric_slab_penalty"": false}",0.046,,240,296,0.05
G-250,Polo Men's T-shirt,S-033,mens_tee,140.27,274.0,297.0,283,4.0,180,0.69,0.71,59.4,66.5,7.2,16.9,7.0,0.015,1126,180,47,0.291,"{""volumetric_slab_penalty"": false}",0.048,,267,329,0.05
G-251,Graphic Men's T-shirt,S-029,mens_tee,130.09,278.0,271.0,283,4.0,96,0.78,0.4,61.3,69.6,5.5,14.1,6.5,0.015,1083,60,88,0.638,"{""volumetric_slab_penalty"": false}",0.011,,249,301,0.05
G-252,Graphic Men's T-shirt,S-021,mens_tee,137.12,279.0,286.0,293,4.2,42,0.84,0.52,57.7,55.9,6.8,17.3,6.9,0.015,915,900,22,0.137,"{""volumetric_slab_penalty"": false}",0.042,,260,318,0.05
G-253,Polo Men's T-shirt,S-013,mens_tee,141.19,261.0,270.0,272,4.1,18,0.52,0.45,61.3,66.1,5.2,9.1,7.1,0.015,1100,420,34,0.18,"{""volumetric_slab_penalty"": false}",0.032,,246,284,0.05
G-254,Round Neck Men's T-shirt,S-014,mens_tee,136.95,277.0,298.0,300,4.5,260,0.68,0.5,58.2,57.2,5.9,10.6,6.8,0.015,872,60,22,0.242,"{""volumetric_slab_penalty"": false}",0.036,,268,332,0.05
G-255,Graphic Men's T-shirt,S-021,mens_tee,136.2,320.0,307.0,319,3.9,42,0.64,0.61,60.9,70.1,7.7,11.6,6.8,0.015,721,120,47,0.759,"{""volumetric_slab_penalty"": false}",0.027,,278,339,0.05
G-256,Solid Men's T-shirt,S-023,mens_tee,132.5,276.0,280.0,267,4.3,42,0.76,0.51,60.2,58.1,5.5,7.9,6.6,0.015,669,420,62,0.361,"{""volumetric_slab_penalty"": true}",0.016,,256,309,0.05
G-257,Round Neck Men's T-shirt,S-023,mens_tee,144.7,305.0,305.0,301,4.4,720,0.7,0.36,59.3,56.8,7.8,11.2,7.2,0.015,1148,420,8,0.573,"{""volumetric_slab_penalty"": false}",0.053,,267,322,0.05
G-258,Graphic Men's T-shirt,S-004,mens_tee,145.91,263.0,280.0,280,3.8,410,0.67,0.56,53.2,64.6,6.4,15.4,7.3,0.015,1084,600,62,0.621,"{""volumetric_slab_penalty"": false}",0.017,,245,304,0.05
G-259,Oversized Men's T-shirt,S-026,mens_tee,131.92,268.0,287.0,282,3.6,410,0.34,0.41,62.7,63.9,7.2,13.9,6.6,0.015,958,340,88,0.509,"{""volumetric_slab_penalty"": false}",0.058,,257,319,0.05
G-260,Round Neck Men's T-shirt,S-012,mens_tee,122.28,328.0,311.0,299,4.2,1150,0.68,0.45,54.7,65.9,5.1,15.0,6.1,0.015,841,340,34,0.742,"{""volumetric_slab_penalty"": false}",0.04,,286,326,0.05
G-261,Oversized Men's T-shirt,S-031,mens_tee,139.79,308.0,320.0,327,4.4,410,0.68,0.51,54.9,71.2,7.4,10.0,7.0,0.015,876,600,47,0.486,"{""volumetric_slab_penalty"": false}",0.019,,285,357,0.05
G-262,Polo Men's T-shirt,S-027,mens_tee,131.72,285.0,294.0,308,3.7,720,0.78,0.5,63.0,70.6,7.8,15.7,6.6,0.015,1061,60,34,0.694,"{""volumetric_slab_penalty"": false}",0.019,,259,308,0.05
G-263,Polo Men's T-shirt,S-031,mens_tee,124.37,295.0,309.0,324,4.4,410,0.34,0.36,53.7,56.3,6.3,12.5,6.2,0.015,1111,180,62,0.097,"{""volumetric_slab_penalty"": false}",0.053,,277,329,0.05
G-264,Oversized Men's T-shirt,S-033,mens_tee,150.74,314.0,311.0,300,4.2,410,0.74,0.72,59.9,65.7,5.5,9.3,7.5,0.015,967,180,15,0.726,"{""volumetric_slab_penalty"": true}",0.053,,281,334,0.05
G-265,Round Neck Men's T-shirt,S-015,mens_tee,123.92,272.0,275.0,290,4.3,96,0.5,0.62,62.3,71.0,7.7,11.4,6.2,0.015,693,420,15,0.704,"{""volumetric_slab_penalty"": false}",0.035,,246,306,0.05
G-266,Solid Men's T-shirt,S-019,mens_tee,124.2,298.0,301.0,298,4.2,1150,0.45,0.69,56.8,63.7,5.4,10.6,6.2,0.015,880,120,62,0.343,"{""volumetric_slab_penalty"": false}",0.028,,260,331,0.05
G-267,Graphic Men's T-shirt,S-005,mens_tee,133.91,299.0,283.0,293,4.4,260,0.69,0.68,50.5,69.1,6.2,7.0,6.7,0.015,572,900,8,0.561,"{""volumetric_slab_penalty"": false}",0.014,,250,303,0.05
G-268,Graphic Men's T-shirt,S-013,mens_tee,148.32,324.0,319.0,328,3.7,180,0.55,0.61,55.6,62.2,5.7,17.8,7.4,0.015,708,180,8,0.47,"{""volumetric_slab_penalty"": true}",0.05,,282,357,0.05
G-269,Oversized Men's T-shirt,S-031,mens_tee,133.83,279.0,302.0,309,4.4,18,0.77,0.4,55.1,60.8,5.9,8.3,6.7,0.015,1197,260,8,0.752,"{""volumetric_slab_penalty"": false}",0.049,,260,337,0.05
G-270,Round Neck Men's T-shirt,S-019,mens_tee,133.79,334.0,318.0,322,4.3,1150,0.58,0.59,50.6,67.2,5.7,15.1,6.7,0.015,693,180,62,0.663,"{""volumetric_slab_penalty"": false}",0.051,,284,337,0.05
G-271,Polo Men's T-shirt,S-007,mens_tee,131.73,299.0,322.0,329,4.4,720,0.81,0.31,53.9,60.6,4.9,10.1,6.6,0.015,1193,340,62,0.809,"{""volumetric_slab_penalty"": false}",0.026,,288,360,0.05
G-272,Round Neck Men's T-shirt,S-011,mens_tee,128.67,305.0,311.0,312,3.8,180,0.6,0.38,54.6,57.1,6.4,11.3,6.4,0.015,644,420,88,0.112,"{""volumetric_slab_penalty"": false}",0.026,,273,335,0.05
G-273,Oversized Men's T-shirt,S-022,mens_tee,146.27,301.0,316.0,297,4.0,1150,0.6,0.39,59.0,68.0,5.1,7.7,7.3,0.015,808,420,88,0.73,"{""volumetric_slab_penalty"": true}",0.032,,288,341,0.05
G-274,Graphic Men's T-shirt,S-025,mens_tee,135.89,314.0,313.0,330,3.6,720,0.6,0.31,57.5,64.1,6.3,8.8,6.8,0.015,683,420,15,0.193,"{""volumetric_slab_penalty"": false}",0.044,,285,343,0.05
G-275,Round Neck Men's T-shirt,S-014,mens_tee,134.72,267.0,276.0,260,4.5,180,0.82,0.7,54.6,70.2,6.2,11.7,6.7,0.015,522,120,47,0.778,"{""volumetric_slab_penalty"": false}",0.058,,253,290,0.05
G-276,Graphic Men's T-shirt,S-005,mens_tee,135.28,325.0,322.0,326,4.6,42,0.6,0.7,52.6,68.9,7.2,10.2,6.8,0.015,1349,340,8,0.225,"{""volumetric_slab_penalty"": false}",0.022,,277,336,0.05
G-277,Polo Men's T-shirt,S-010,mens_tee,140.35,305.0,304.0,291,4.4,96,0.7,0.57,52.5,70.6,5.3,7.9,7.0,0.015,811,600,88,0.403,"{""volumetric_slab_penalty"": false}",0.059,,262,336,0.05
G-278,Round Neck Men's T-shirt,S-037,mens_tee,140.51,279.0,280.0,284,4.6,260,0.46,0.39,58.5,57.3,6.5,16.9,7.0,0.015,1085,900,34,0.73,"{""volumetric_slab_penalty"": false}",0.038,,247,299,0.05
G-279,Solid Men's T-shirt,S-023,mens_tee,126.98,278.0,272.0,260,4.0,180,0.69,0.68,51.0,59.5,6.8,15.7,6.3,0.015,958,340,15,0.465,"{""volumetric_slab_penalty"": false}",0.026,,235,298,0.05
G-280,Graphic Men's T-shirt,S-006,mens_tee,139.01,265.0,283.0,278,3.6,18,0.43,0.63,55.4,71.1,7.5,16.2,7.0,0.015,777,420,34,0.734,"{""volumetric_slab_penalty"": false}",0.038,,257,307,0.05
G-281,Round Neck Men's T-shirt,S-038,mens_tee,140.36,326.0,318.0,316,4.4,1150,0.45,0.67,63.3,64.3,5.3,7.3,7.0,0.015,1323,60,34,0.663,"{""volumetric_slab_penalty"": false}",0.055,,285,351,0.05
G-282,Polo Men's T-shirt,S-027,mens_tee,123.91,297.0,320.0,330,4.1,180,0.36,0.33,58.9,58.0,7.1,9.1,6.2,0.015,772,340,22,0.554,"{""volumetric_slab_penalty"": false}",0.031,,288,339,0.05
G-283,Graphic Men's T-shirt,S-038,mens_tee,136.0,269.0,272.0,261,4.6,42,0.62,0.41,63.1,66.9,7.6,11.0,6.8,0.015,789,120,88,0.257,"{""volumetric_slab_penalty"": false}",0.02,,247,303,0.05
G-284,Oversized Men's T-shirt,S-003,mens_tee,147.79,263.0,274.0,259,4.3,18,0.65,0.73,56.5,62.8,7.5,14.0,7.4,0.015,618,420,47,0.811,"{""volumetric_slab_penalty"": false}",0.013,,240,304,0.05
G-285,Round Neck Men's T-shirt,S-010,mens_tee,135.27,285.0,284.0,291,4.2,720,0.58,0.42,59.5,61.6,5.7,17.0,6.8,0.015,508,180,88,0.225,"{""volumetric_slab_penalty"": false}",0.044,,247,314,0.05
G-286,Oversized Men's T-shirt,S-019,mens_tee,142.31,288.0,297.0,297,4.1,180,0.72,0.64,51.9,70.0,5.4,7.0,7.1,0.015,954,180,62,0.356,"{""volumetric_slab_penalty"": false}",0.043,,257,327,0.05
G-287,Polo Men's T-shirt,S-012,mens_tee,140.05,329.0,324.0,333,4.4,18,0.45,0.36,51.5,69.7,6.6,16.5,7.0,0.015,681,260,8,0.282,"{""volumetric_slab_penalty"": true}",0.058,,285,341,0.05
G-288,Solid Men's T-shirt,S-028,mens_tee,122.48,300.0,298.0,282,4.4,720,0.4,0.56,51.4,59.6,5.8,17.1,6.1,0.015,1236,420,15,0.591,"{""volumetric_slab_penalty"": false}",0.054,,265,313,0.05
G-289,Solid Men's T-shirt,S-026,mens_tee,122.42,330.0,325.0,328,4.1,260,0.63,0.4,53.5,56.3,4.9,17.2,6.1,0.015,1098,60,15,0.759,"{""volumetric_slab_penalty"": false}",0.054,,296,341,0.05
G-290,Polo Men's T-shirt,S-003,mens_tee,138.58,310.0,303.0,308,3.7,410,0.32,0.44,56.6,69.7,5.2,14.4,6.9,0.015,637,600,62,0.446,"{""volumetric_slab_penalty"": false}",0.017,,274,317,0.05
G-291,Round Neck Men's T-shirt,S-025,mens_tee,126.04,280.0,292.0,299,3.8,720,0.36,0.6,52.5,65.0,5.2,13.5,6.3,0.015,1151,420,88,0.576,"{""volumetric_slab_penalty"": true}",0.055,,264,324,0.05
G-292,Polo Men's T-shirt,S-030,mens_tee,138.2,282.0,292.0,283,3.8,42,0.75,0.64,61.8,70.2,6.3,11.1,6.9,0.015,1143,180,47,0.837,"{""volumetric_slab_penalty"": false}",0.032,,267,304,0.05
G-293,Solid Men's T-shirt,S-023,mens_tee,137.37,338.0,319.0,337,3.7,1150,0.63,0.37,56.0,64.2,5.6,9.0,6.9,0.015,802,120,22,0.396,"{""volumetric_slab_penalty"": false}",0.042,,293,333,0.05
G-294,Oversized Men's T-shirt,S-027,mens_tee,141.85,309.0,302.0,287,3.8,720,0.8,0.34,61.5,60.1,5.1,9.6,7.1,0.015,726,180,47,0.576,"{""volumetric_slab_penalty"": false}",0.055,,274,321,0.05
G-295,Solid Men's T-shirt,S-033,mens_tee,137.21,325.0,320.0,337,4.0,1150,0.57,0.33,57.7,68.0,7.2,10.1,6.9,0.015,646,900,15,0.593,"{""volumetric_slab_penalty"": false}",0.019,,283,350,0.05
G-296,Shirt Top,S-004,top,175.97,399.0,379.0,363,3.9,410,0.67,0.45,65.0,61.5,7.4,7.4,8.8,0.015,554,120,88,0.648,"{""volumetric_slab_penalty"": false}",0.039,,332,404,0.05
G-297,Shirt Top,S-031,top,167.61,379.0,379.0,380,4.5,1150,0.52,0.5,55.1,65.0,8.0,15.5,8.4,0.015,877,260,8,0.297,"{""volumetric_slab_penalty"": false}",0.046,,330,401,0.05
G-298,Tunic Top,S-017,top,153.98,386.0,371.0,356,4.1,410,0.55,0.46,67.2,62.0,6.7,17.9,7.7,0.015,770,340,47,0.581,"{""volumetric_slab_penalty"": false}",0.034,,334,401,0.05
G-299,Shirt Top,S-039,top,171.72,359.0,365.0,354,4.3,260,0.57,0.71,55.3,62.9,8.8,16.7,8.6,0.015,621,60,88,0.619,"{""volumetric_slab_penalty"": false}",0.043,,319,407,0.05
G-300,Crop Top,S-007,top,187.44,366.0,354.0,339,4.1,720,0.48,0.51,67.5,60.3,8.3,11.7,9.4,0.015,554,260,22,0.684,"{""volumetric_slab_penalty"": false}",0.016,,316,371,0.05
G-301,Crop Top,S-006,top,161.83,309.0,317.0,325,4.2,410,0.63,0.44,61.9,74.5,6.5,7.8,8.1,0.015,997,260,22,0.813,"{""volumetric_slab_penalty"": false}",0.017,,290,338,0.05
G-302,Tunic Top,S-034,top,164.11,357.0,374.0,396,4.1,720,0.83,0.39,62.1,70.9,5.8,17.3,8.2,0.015,1168,180,8,0.177,"{""volumetric_slab_penalty"": false}",0.028,,341,405,0.05
G-303,Tunic Top,S-020,top,172.87,393.0,376.0,366,4.1,96,0.47,0.4,56.9,73.7,6.3,13.7,8.6,0.015,1068,900,47,0.131,"{""volumetric_slab_penalty"": false}",0.025,,325,413,0.05
G-304,Shirt Top,S-008,top,170.89,391.0,381.0,398,3.8,410,0.59,0.7,60.6,63.5,5.8,11.0,8.5,0.015,891,900,88,0.567,"{""volumetric_slab_penalty"": false}",0.022,,336,401,0.05
G-305,Shirt Top,S-016,top,163.53,319.0,322.0,310,4.6,96,0.59,0.31,55.9,61.1,6.4,10.5,8.2,0.015,487,420,8,0.466,"{""volumetric_slab_penalty"": false}",0.023,,277,360,0.05
G-306,Puff Sleeve Top,S-003,top,171.39,309.0,325.0,316,3.7,720,0.59,0.61,58.7,73.3,9.0,8.5,8.6,0.015,1107,420,22,0.833,"{""volumetric_slab_penalty"": false}",0.033,,292,347,0.05
G-307,Shirt Top,S-024,top,183.97,323.0,329.0,322,4.0,96,0.76,0.51,58.7,75.1,7.9,13.1,9.2,0.015,1178,420,62,0.282,"{""volumetric_slab_penalty"": false}",0.043,,295,345,0.05
G-308,Peplum Top,S-013,top,185.17,351.0,351.0,341,3.8,410,0.43,0.61,68.3,71.7,7.0,7.2,9.3,0.015,509,180,34,0.115,"{""volumetric_slab_penalty"": false}",0.014,,320,390,0.05
G-309,Crop Top,S-004,top,156.96,328.0,336.0,339,3.9,180,0.7,0.52,61.9,67.6,7.3,13.5,7.8,0.015,885,600,22,0.368,"{""volumetric_slab_penalty"": true}",0.028,,305,355,0.05
G-310,Crop Top,S-035,top,172.1,353.0,375.0,394,4.4,720,0.68,0.38,64.7,60.2,7.6,11.7,8.6,0.015,538,900,15,0.188,"{""volumetric_slab_penalty"": false}",0.047,,336,413,0.05
G-311,Peplum Top,S-028,top,153.05,386.0,368.0,362,4.2,260,0.56,0.72,56.3,73.8,5.7,13.8,7.7,0.015,479,900,62,0.134,"{""volumetric_slab_penalty"": false}",0.015,,330,399,0.05
G-312,Peplum Top,S-011,top,156.09,319.0,326.0,323,3.7,42,0.45,0.73,63.1,64.2,6.4,18.0,7.8,0.015,939,180,88,0.482,"{""volumetric_slab_penalty"": false}",0.025,,289,348,0.05
G-313,Peplum Top,S-017,top,179.55,356.0,376.0,364,3.9,720,0.41,0.72,56.8,60.9,9.1,12.1,9.0,0.015,639,600,62,0.474,"{""volumetric_slab_penalty"": false}",0.031,,338,419,0.05
G-314,Puff Sleeve Top,S-026,top,161.97,376.0,361.0,372,4.0,260,0.79,0.4,68.3,65.8,6.9,10.3,8.1,0.015,1107,260,88,0.481,"{""volumetric_slab_penalty"": true}",0.036,,325,380,0.05
G-315,Crop Top,S-024,top,173.91,340.0,344.0,324,4.1,96,0.77,0.33,63.8,74.9,6.2,13.3,8.7,0.015,790,600,22,0.689,"{""volumetric_slab_penalty"": false}",0.015,,297,359,0.05
G-316,Shirt Top,S-002,top,158.84,369.0,382.0,394,4.4,96,0.34,0.67,61.4,75.0,5.9,11.7,7.9,0.015,658,900,34,0.087,"{""volumetric_slab_penalty"": false}",0.03,,332,403,0.05
G-317,Shirt Top,S-031,top,160.76,347.0,348.0,340,3.9,180,0.51,0.46,57.7,68.2,6.7,16.0,8.0,0.015,1006,60,8,0.142,"{""volumetric_slab_penalty"": false}",0.029,,311,377,0.05
G-318,Peplum Top,S-002,top,158.38,350.0,380.0,392,3.8,42,0.54,0.69,68.7,63.0,6.2,15.4,7.9,0.015,925,180,34,0.599,"{""volumetric_slab_penalty"": false}",0.036,,348,416,0.05
G-319,Puff Sleeve Top,S-019,top,170.3,358.0,362.0,359,3.7,96,0.48,0.73,58.6,75.8,6.3,8.6,8.5,0.015,576,600,22,0.265,"{""volumetric_slab_penalty"": false}",0.028,,330,377,0.05
G-320,Puff Sleeve Top,S-023,top,178.23,350.0,362.0,371,4.1,180,0.78,0.59,60.8,66.2,6.3,9.4,8.9,0.015,458,340,8,0.725,"{""volumetric_slab_penalty"": false}",0.05,,318,404,0.05
G-321,Peplum Top,S-010,top,177.16,329.0,353.0,338,4.6,1150,0.58,0.67,58.7,61.7,8.2,7.4,8.9,0.015,1079,260,8,0.201,"{""volumetric_slab_penalty"": false}",0.024,,319,377,0.05
G-322,Tunic Top,S-004,top,186.15,326.0,333.0,332,4.4,1150,0.57,0.32,61.7,75.2,8.4,13.8,9.3,0.015,725,120,15,0.675,"{""volumetric_slab_penalty"": false}",0.036,,298,366,0.05
G-323,Shirt Top,S-031,top,159.02,370.0,382.0,377,3.7,720,0.52,0.46,55.8,68.9,8.8,10.5,8.0,0.015,1134,600,62,0.846,"{""volumetric_slab_penalty"": true}",0.043,,330,407,0.05
G-324,Tunic Top,S-014,top,154.37,313.0,330.0,322,3.8,18,0.32,0.48,68.5,60.5,8.8,9.6,7.7,0.015,658,60,88,0.52,"{""volumetric_slab_penalty"": true}",0.032,,299,349,0.05
G-325,Shirt Top,S-035,top,187.46,348.0,343.0,323,3.9,18,0.38,0.72,64.4,65.5,7.3,16.3,9.4,0.015,1228,420,22,0.263,"{""volumetric_slab_penalty"": false}",0.032,,314,366,0.05
G-326,Crop Top,S-035,top,169.16,339.0,333.0,326,4.4,260,0.55,0.34,63.0,61.6,8.4,12.2,8.5,0.015,579,260,88,0.347,"{""volumetric_slab_penalty"": false}",0.039,,291,348,0.05
G-327,Peplum Top,S-021,top,170.3,333.0,344.0,344,4.1,180,0.48,0.69,55.1,66.9,6.9,7.8,8.5,0.015,719,340,88,0.76,"{""volumetric_slab_penalty"": false}",0.021,,309,374,0.05
G-328,Tunic Top,S-015,top,186.49,358.0,373.0,380,3.9,180,0.68,0.71,61.0,62.9,8.4,12.0,9.3,0.015,822,180,88,0.826,"{""volumetric_slab_penalty"": false}",0.02,,333,411,0.05
G-329,Puff Sleeve Top,S-036,top,169.51,398.0,377.0,372,4.2,260,0.35,0.71,63.2,68.4,5.8,16.8,8.5,0.015,1187,60,34,0.317,"{""volumetric_slab_penalty"": false}",0.017,,342,409,0.05
G-330,Crop Top,S-036,top,166.77,394.0,374.0,384,3.7,180,0.42,0.38,55.9,71.5,7.9,10.1,8.3,0.015,941,420,47,0.712,"{""volumetric_slab_penalty"": true}",0.042,,336,403,0.05
G-331,Puff Sleeve Top,S-012,top,183.24,315.0,329.0,319,4.0,96,0.55,0.32,62.5,75.2,8.7,8.6,9.2,0.015,926,60,8,0.34,"{""volumetric_slab_penalty"": false}",0.026,,301,363,0.05
G-332,Crop Top,S-031,top,161.44,323.0,341.0,325,4.1,410,0.52,0.74,59.6,70.9,7.7,7.2,8.1,0.015,535,600,8,0.619,"{""volumetric_slab_penalty"": false}",0.023,,301,356,0.05
G-333,Shirt Top,S-018,top,168.45,371.0,357.0,370,4.6,18,0.54,0.6,59.9,64.6,6.2,9.6,8.4,0.015,1060,340,15,0.244,"{""volumetric_slab_penalty"": true}",0.021,,310,379,0.05
G-334,Shirt Top,S-002,top,177.4,345.0,327.0,331,4.6,42,0.66,0.65,64.1,68.7,6.2,7.6,8.9,0.015,770,260,8,0.796,"{""volumetric_slab_penalty"": false}",0.037,,284,355,0.05
G-335,Crop Top,S-031,top,157.99,353.0,376.0,381,3.9,96,0.4,0.75,68.1,75.8,7.2,8.5,7.9,0.015,1159,900,22,0.091,"{""volumetric_slab_penalty"": false}",0.037,,339,406,0.05
G-336,Tunic Top,S-004,top,160.02,382.0,361.0,366,4.6,260,0.66,0.44,68.5,61.6,8.7,17.6,8.0,0.015,725,60,22,0.649,"{""volumetric_slab_penalty"": false}",0.057,,319,399,0.05
G-337,Peplum Top,S-013,top,161.68,391.0,376.0,365,3.9,260,0.58,0.55,62.3,70.8,7.1,14.2,8.1,0.015,775,340,22,0.559,"{""volumetric_slab_penalty"": true}",0.011,,336,395,0.05
G-338,Crop Top,S-039,top,163.64,334.0,346.0,351,4.0,720,0.51,0.64,55.9,60.6,7.1,10.1,8.2,0.015,917,420,8,0.809,"{""volumetric_slab_penalty"": false}",0.018,,302,366,0.05
G-339,Crop Top,S-008,top,190.33,341.0,358.0,366,4.4,720,0.65,0.42,67.8,62.0,7.0,10.6,9.5,0.015,776,120,8,0.447,"{""volumetric_slab_penalty"": false}",0.049,,314,396,0.05
G-340,Crop Top,S-009,top,156.45,328.0,348.0,332,4.1,96,0.64,0.51,63.9,61.8,8.4,14.2,7.8,0.015,789,260,22,0.25,"{""volumetric_slab_penalty"": false}",0.018,,302,366,0.05
G-341,Crop Top,S-007,top,159.09,362.0,346.0,332,3.6,96,0.55,0.57,60.5,62.9,8.9,17.7,8.0,0.015,859,260,62,0.591,"{""volumetric_slab_penalty"": false}",0.039,,313,377,0.05
G-342,Crop Top,S-008,top,165.39,296.0,317.0,308,4.3,18,0.47,0.61,60.8,65.5,7.5,15.8,8.3,0.015,740,600,88,0.35,"{""volumetric_slab_penalty"": false}",0.03,,289,345,0.05
G-343,Shirt Top,S-034,top,181.43,335.0,352.0,340,4.3,180,0.59,0.72,68.3,63.0,6.5,10.9,9.1,0.015,525,120,15,0.399,"{""volumetric_slab_penalty"": false}",0.054,,316,386,0.05
G-344,Tunic Top,S-012,top,175.44,337.0,348.0,336,3.8,18,0.55,0.35,65.1,61.8,6.1,13.3,8.8,0.015,1105,420,47,0.07,"{""volumetric_slab_penalty"": false}",0.012,,306,388,0.05
G-345,Tunic Top,S-013,top,185.66,318.0,338.0,327,4.5,410,0.75,0.38,66.1,66.6,7.9,12.0,9.3,0.015,630,260,47,0.505,"{""volumetric_slab_penalty"": false}",0.012,,292,365,0.05
G-346,Crop Top,S-033,top,162.0,343.0,360.0,361,3.9,18,0.83,0.7,66.2,74.2,7.7,7.2,8.1,0.015,1144,340,34,0.302,"{""volumetric_slab_penalty"": false}",0.028,,317,390,0.05
G-347,Tunic Top,S-017,top,167.76,351.0,365.0,345,4.5,180,0.36,0.54,54.9,59.9,7.0,16.3,8.4,0.015,581,120,34,0.106,"{""volumetric_slab_penalty"": false}",0.01,,324,407,0.05
G-348,Crop Top,S-025,top,164.49,312.0,337.0,330,4.6,96,0.53,0.56,58.1,73.4,7.8,15.9,8.2,0.015,707,340,34,0.773,"{""volumetric_slab_penalty"": false}",0.019,,308,373,0.05
G-349,Peplum Top,S-019,top,169.57,366.0,350.0,346,4.3,1150,0.39,0.71,55.7,71.7,7.5,11.9,8.5,0.015,844,600,62,0.215,"{""volumetric_slab_penalty"": false}",0.026,,316,391,0.05
G-350,Crop Top,S-026,top,189.06,296.0,319.0,327,4.1,410,0.36,0.35,64.9,64.0,8.5,15.6,9.5,0.015,697,260,88,0.593,"{""volumetric_slab_penalty"": false}",0.052,,286,334,0.05
G-351,Peplum Top,S-012,top,167.71,378.0,358.0,339,4.0,410,0.58,0.58,63.3,65.5,5.7,9.5,8.4,0.015,1028,340,8,0.843,"{""volumetric_slab_penalty"": false}",0.03,,309,388,0.05
G-352,Shirt Top,S-025,top,166.8,400.0,381.0,359,3.9,96,0.57,0.37,62.7,71.7,8.9,17.2,8.3,0.015,912,420,47,0.815,"{""volumetric_slab_penalty"": false}",0.058,,350,426,0.05
G-353,Peplum Top,S-011,top,170.65,340.0,352.0,354,4.2,18,0.69,0.7,64.3,75.8,8.3,9.0,8.5,0.015,782,260,8,0.273,"{""volumetric_slab_penalty"": false}",0.014,,308,370,0.05
G-354,Shirt Top,S-014,top,188.01,339.0,342.0,331,3.7,1150,0.68,0.41,56.8,73.6,8.6,15.8,9.4,0.015,621,340,47,0.278,"{""volumetric_slab_penalty"": false}",0.026,,306,365,0.05
G-355,Kids Frock Kidswear,S-015,kidswear,124.0,238.0,254.0,252,3.8,720,0.51,0.48,47.6,61.5,7.6,10.1,6.2,0.015,879,260,34,0.315,"{""volumetric_slab_penalty"": false}",0.011,,233,277,0.05
G-356,Kids Ethnic Kidswear,S-004,kidswear,119.79,252.0,255.0,268,4.2,1150,0.79,0.53,52.4,56.6,5.2,16.0,6.0,0.015,996,420,62,0.459,"{""volumetric_slab_penalty"": false}",0.056,,223,279,0.05
G-357,Kids T-shirt Kidswear,S-017,kidswear,114.05,247.0,261.0,258,4.4,180,0.46,0.71,48.9,63.1,7.1,14.7,5.7,0.015,403,60,34,0.287,"{""volumetric_slab_penalty"": false}",0.056,,226,290,0.05
G-358,Kids Set Kidswear,S-038,kidswear,124.72,300.0,285.0,288,3.8,410,0.48,0.45,51.8,64.3,5.5,7.3,6.2,0.015,902,120,47,0.416,"{""volumetric_slab_penalty"": false}",0.056,,260,296,0.05
G-359,Kids T-shirt Kidswear,S-015,kidswear,119.47,288.0,279.0,270,4.0,720,0.66,0.51,48.0,60.2,5.9,11.3,6.0,0.015,852,260,22,0.108,"{""volumetric_slab_penalty"": false}",0.027,,250,312,0.05
G-360,Kids Set Kidswear,S-037,kidswear,112.31,272.0,264.0,260,3.7,1150,0.55,0.52,57.4,59.2,5.8,9.2,5.6,0.015,463,60,34,0.167,"{""volumetric_slab_penalty"": false}",0.031,,235,276,0.05
G-361,Kids T-shirt Kidswear,S-017,kidswear,117.8,281.0,298.0,311,3.6,180,0.54,0.45,51.3,61.1,5.7,12.9,5.9,0.015,1004,600,22,0.693,"{""volumetric_slab_penalty"": false}",0.055,,257,312,0.05
G-362,Kids Frock Kidswear,S-034,kidswear,126.22,275.0,279.0,288,4.5,1150,0.6,0.58,57.1,54.0,4.8,14.9,6.3,0.015,708,260,8,0.48,"{""volumetric_slab_penalty"": false}",0.047,,251,307,0.05
G-363,Kids T-shirt Kidswear,S-012,kidswear,116.07,246.0,256.0,249,4.5,1150,0.57,0.3,54.9,58.1,7.0,16.9,5.8,0.015,750,260,15,0.376,"{""volumetric_slab_penalty"": false}",0.026,,225,279,0.05
G-364,Kids Frock Kidswear,S-006,kidswear,109.3,296.0,286.0,273,3.9,96,0.31,0.51,56.1,57.0,5.2,12.8,5.5,0.015,795,60,62,0.817,"{""volumetric_slab_penalty"": false}",0.016,,256,319,0.05
G-365,Kids T-shirt Kidswear,S-003,kidswear,131.12,257.0,266.0,262,4.1,720,0.77,0.63,49.2,64.7,6.9,17.0,6.6,0.015,919,180,88,0.396,"{""volumetric_slab_penalty"": true}",0.021,,241,292,0.05
G-366,Kids Ethnic Kidswear,S-014,kidswear,118.55,265.0,270.0,268,4.6,1150,0.63,0.7,52.0,52.8,6.5,11.6,5.9,0.015,791,600,88,0.093,"{""volumetric_slab_penalty"": false}",0.018,,235,288,0.05
G-367,Kids Set Kidswear,S-038,kidswear,129.55,277.0,269.0,280,3.8,18,0.52,0.47,57.0,66.4,5.3,7.9,6.5,0.015,944,180,8,0.124,"{""volumetric_slab_penalty"": false}",0.043,,235,286,0.05
G-368,Kids Set Kidswear,S-033,kidswear,116.08,266.0,255.0,244,3.8,18,0.33,0.32,55.7,66.1,4.8,17.1,5.8,0.015,757,420,34,0.05,"{""volumetric_slab_penalty"": false}",0.017,,233,274,0.05
G-369,Kids Set Kidswear,S-022,kidswear,128.5,266.0,252.0,265,4.4,180,0.85,0.38,51.0,56.1,7.7,11.0,6.4,0.015,404,900,15,0.58,"{""volumetric_slab_penalty"": false}",0.049,,219,282,0.05
G-370,Kids T-shirt Kidswear,S-014,kidswear,110.18,279.0,292.0,286,4.1,1150,0.84,0.49,47.7,65.8,5.9,13.9,5.5,0.015,1028,120,62,0.766,"{""volumetric_slab_penalty"": false}",0.027,,261,309,0.05
G-371,Kids Frock Kidswear,S-030,kidswear,123.34,274.0,285.0,290,4.4,1150,0.55,0.51,56.7,64.8,7.3,13.8,6.2,0.015,410,180,34,0.838,"{""volumetric_slab_penalty"": false}",0.022,,250,299,0.05
G-372,Kids Frock Kidswear,S-035,kidswear,129.75,247.0,264.0,249,4.2,1150,0.66,0.59,51.3,54.3,5.7,11.7,6.5,0.015,509,420,88,0.68,"{""volumetric_slab_penalty"": false}",0.012,,236,295,0.05
G-373,Kids Ethnic Kidswear,S-022,kidswear,131.3,285.0,284.0,299,4.2,720,0.33,0.32,47.6,66.1,7.7,8.2,6.6,0.015,491,180,62,0.148,"{""volumetric_slab_penalty"": false}",0.057,,248,308,0.05
G-374,Kids Ethnic Kidswear,S-013,kidswear,123.17,272.0,292.0,287,4.3,260,0.6,0.45,49.8,62.4,7.1,17.6,6.2,0.015,719,260,62,0.546,"{""volumetric_slab_penalty"": false}",0.047,,254,326,0.05
G-375,Kids T-shirt Kidswear,S-028,kidswear,128.06,302.0,296.0,285,4.5,260,0.52,0.34,50.9,63.2,5.5,17.0,6.4,0.015,1028,340,34,0.266,"{""volumetric_slab_penalty"": false}",0.04,,262,327,0.05
G-376,Kids Frock Kidswear,S-029,kidswear,121.84,274.0,275.0,284,3.8,410,0.64,0.64,49.2,53.9,6.2,9.3,6.1,0.015,449,260,8,0.501,"{""volumetric_slab_penalty"": false}",0.014,,241,305,0.05
G-377,Kids Set Kidswear,S-034,kidswear,121.68,264.0,285.0,292,3.9,1150,0.49,0.64,49.8,59.1,6.1,12.7,6.1,0.015,821,600,34,0.608,"{""volumetric_slab_penalty"": false}",0.058,,260,314,0.05
G-378,Kids Frock Kidswear,S-028,kidswear,118.91,277.0,266.0,273,4.5,1150,0.84,0.72,48.7,65.4,5.8,7.1,5.9,0.015,418,60,34,0.468,"{""volumetric_slab_penalty"": false}",0.015,,231,283,0.05
G-379,Kids Frock Kidswear,S-012,kidswear,122.82,241.0,257.0,260,4.5,720,0.36,0.53,54.0,65.4,4.9,14.3,6.1,0.015,917,180,34,0.522,"{""volumetric_slab_penalty"": false}",0.044,,222,272,0.05
G-380,Kids Set Kidswear,S-007,kidswear,126.06,273.0,282.0,279,4.5,180,0.6,0.62,55.2,63.5,6.7,9.7,6.3,0.015,442,260,22,0.844,"{""volumetric_slab_penalty"": true}",0.047,,258,310,0.05
G-381,Kids Frock Kidswear,S-003,kidswear,120.39,267.0,290.0,274,4.3,1150,0.5,0.5,53.5,59.9,6.6,11.7,6.0,0.015,779,120,22,0.461,"{""volumetric_slab_penalty"": true}",0.048,,260,305,0.05
G-382,Kids Ethnic Kidswear,S-032,kidswear,113.31,269.0,261.0,255,3.7,18,0.43,0.75,50.7,61.2,7.1,12.9,5.7,0.015,531,420,8,0.071,"{""volumetric_slab_penalty"": false}",0.024,,230,288,0.05
G-383,Kids T-shirt Kidswear,S-019,kidswear,125.12,295.0,283.0,269,4.3,96,0.84,0.74,47.1,63.8,7.4,12.4,6.3,0.015,597,900,15,0.062,"{""volumetric_slab_penalty"": false}",0.028,,252,295,0.05
G-384,Kids T-shirt Kidswear,S-011,kidswear,123.54,306.0,299.0,300,4.0,1150,0.74,0.5,47.9,62.2,7.8,15.0,6.2,0.015,816,900,15,0.249,"{""volumetric_slab_penalty"": false}",0.016,,269,327,0.05
G-385,Kids Ethnic Kidswear,S-005,kidswear,131.11,296.0,296.0,313,4.3,410,0.42,0.49,51.6,57.3,6.3,9.8,6.6,0.015,846,60,88,0.18,"{""volumetric_slab_penalty"": false}",0.058,,263,309,0.05
G-386,Kids Ethnic Kidswear,S-033,kidswear,118.43,247.0,259.0,247,3.9,720,0.45,0.73,47.0,54.1,5.0,17.3,5.9,0.015,676,600,15,0.3,"{""volumetric_slab_penalty"": false}",0.02,,235,283,0.05
G-387,Kids Ethnic Kidswear,S-007,kidswear,129.66,248.0,267.0,265,4.3,410,0.49,0.51,56.5,63.0,5.4,13.2,6.5,0.015,791,60,8,0.796,"{""volumetric_slab_penalty"": false}",0.06,,242,286,0.05
G-388,Kids Ethnic Kidswear,S-019,kidswear,112.23,244.0,265.0,249,4.3,42,0.56,0.5,48.1,55.8,6.7,14.4,5.6,0.015,408,600,22,0.697,"{""volumetric_slab_penalty"": false}",0.016,,237,279,0.05
G-389,Kids T-shirt Kidswear,S-008,kidswear,124.61,256.0,256.0,255,4.4,720,0.51,0.74,56.6,60.9,5.2,9.9,6.2,0.015,592,60,15,0.73,"{""volumetric_slab_penalty"": false}",0.01,,227,277,0.05
G-390,Kids Frock Kidswear,S-039,kidswear,132.29,264.0,259.0,270,4.6,720,0.79,0.6,51.6,53.5,6.5,9.8,6.6,0.015,459,180,88,0.18,"{""volumetric_slab_penalty"": false}",0.015,,234,289,0.05
G-391,Kids Ethnic Kidswear,S-003,kidswear,131.62,294.0,286.0,273,4.1,18,0.42,0.7,57.2,59.3,6.5,17.8,6.6,0.015,654,120,62,0.759,"{""volumetric_slab_penalty"": false}",0.013,,259,298,0.05
G-392,Kids Frock Kidswear,S-020,kidswear,127.87,261.0,258.0,253,4.6,42,0.35,0.72,50.3,64.1,6.2,14.7,6.4,0.015,603,60,62,0.132,"{""volumetric_slab_penalty"": false}",0.057,,224,270,0.05
G-393,Kids Ethnic Kidswear,S-013,kidswear,120.43,278.0,277.0,267,4.4,180,0.37,0.52,54.7,61.4,6.9,13.1,6.0,0.015,562,420,34,0.811,"{""volumetric_slab_penalty"": true}",0.044,,239,305,0.05
G-394,Kids Set Kidswear,S-003,kidswear,127.4,295.0,298.0,290,4.6,260,0.44,0.59,54.9,59.5,7.7,14.2,6.4,0.015,516,600,22,0.32,"{""volumetric_slab_penalty"": false}",0.021,,257,318,0.05
G-395,Kids Ethnic Kidswear,S-039,kidswear,115.28,287.0,301.0,314,3.6,180,0.57,0.34,48.8,63.2,7.0,14.0,5.8,0.015,715,340,15,0.363,"{""volumetric_slab_penalty"": false}",0.029,,277,329,0.05
G-396,Kids Frock Kidswear,S-015,kidswear,132.55,275.0,284.0,275,4.3,720,0.35,0.43,47.5,53.4,5.4,9.8,6.6,0.015,958,120,88,0.63,"{""volumetric_slab_penalty"": false}",0.032,,250,315,0.05
G-397,Kids Ethnic Kidswear,S-029,kidswear,115.0,300.0,305.0,319,4.4,260,0.49,0.66,54.0,65.7,5.7,8.0,5.7,0.015,891,260,8,0.756,"{""volumetric_slab_penalty"": false}",0.028,,274,337,0.05
G-398,Kids Ethnic Kidswear,S-023,kidswear,119.05,276.0,280.0,274,4.5,720,0.45,0.3,57.2,53.8,5.3,12.0,6.0,0.015,744,900,88,0.769,"{""volumetric_slab_penalty"": false}",0.017,,255,305,0.05
G-399,Kids Frock Kidswear,S-006,kidswear,115.69,260.0,273.0,288,4.2,180,0.54,0.31,50.0,58.0,6.5,13.7,5.8,0.015,1025,180,62,0.658,"{""volumetric_slab_penalty"": true}",0.049,,236,305,0.05
G-400,Kids T-shirt Kidswear,S-015,kidswear,112.8,297.0,291.0,297,3.8,96,0.69,0.32,59.2,59.0,6.8,16.1,5.6,0.015,529,340,34,0.329,"{""volumetric_slab_penalty"": false}",0.036,,255,316,0.05
G-401,Kids T-shirt Kidswear,S-030,kidswear,119.42,238.0,255.0,265,3.9,42,0.39,0.64,56.9,63.9,7.7,14.3,6.0,0.015,503,340,34,0.14,"{""volumetric_slab_penalty"": false}",0.046,,219,276,0.05
G-402,Kids T-shirt Kidswear,S-003,kidswear,114.75,304.0,296.0,306,4.4,720,0.81,0.72,55.3,64.7,5.3,10.0,5.7,0.015,869,900,47,0.157,"{""volumetric_slab_penalty"": false}",0.04,,267,319,0.05
G-403,Kids T-shirt Kidswear,S-030,kidswear,127.48,283.0,277.0,270,3.7,42,0.36,0.49,55.7,65.6,7.2,13.1,6.4,0.015,894,60,15,0.781,"{""volumetric_slab_penalty"": false}",0.03,,251,303,0.05
G-404,Kids T-shirt Kidswear,S-020,kidswear,115.06,261.0,272.0,266,4.0,42,0.64,0.35,47.7,63.4,5.5,10.2,5.8,0.015,762,600,88,0.253,"{""volumetric_slab_penalty"": false}",0.016,,238,287,0.05
G-405,Kids T-shirt Kidswear,S-003,kidswear,131.24,264.0,274.0,287,3.9,410,0.35,0.45,57.2,54.9,6.2,13.1,6.6,0.015,731,120,8,0.07,"{""volumetric_slab_penalty"": false}",0.048,,250,297,0.05
G-406,Kids Set Kidswear,S-034,kidswear,129.88,303.0,305.0,287,4.2,96,0.76,0.41,53.3,59.7,7.1,7.4,6.5,0.015,833,900,34,0.061,"{""volumetric_slab_penalty"": false}",0.02,,267,332,0.05
G-407,Kids Frock Kidswear,S-030,kidswear,128.75,265.0,286.0,280,4.6,96,0.51,0.4,49.9,60.1,7.4,9.8,6.4,0.015,400,180,62,0.346,"{""volumetric_slab_penalty"": false}",0.052,,260,300,0.05
G-408,Kids Set Kidswear,S-006,kidswear,113.69,275.0,290.0,306,4.2,1150,0.31,0.37,48.2,66.4,5.2,11.3,5.7,0.015,415,600,22,0.679,"{""volumetric_slab_penalty"": false}",0.034,,262,303,0.05
G-409,Kids Set Kidswear,S-035,kidswear,133.58,299.0,304.0,307,4.2,720,0.73,0.75,50.2,60.4,5.1,14.0,6.7,0.015,1011,340,15,0.39,"{""volumetric_slab_penalty"": false}",0.032,,278,323,0.05
G-410,Kids Set Kidswear,S-012,kidswear,109.32,322.0,305.0,294,4.1,410,0.53,0.49,48.3,54.8,7.3,17.7,5.5,0.015,1035,900,8,0.567,"{""volumetric_slab_penalty"": false}",0.053,,272,318,0.05
G-411,Kids Frock Kidswear,S-005,kidswear,122.19,277.0,274.0,278,3.7,1150,0.78,0.47,48.5,55.8,5.7,13.8,6.1,0.015,1021,120,15,0.846,"{""volumetric_slab_penalty"": false}",0.029,,242,286,0.05
G-412,Kids Set Kidswear,S-011,kidswear,132.66,291.0,300.0,301,4.6,410,0.64,0.65,59.3,56.0,7.1,11.3,6.6,0.015,915,180,62,0.714,"{""volumetric_slab_penalty"": false}",0.037,,275,326,0.05
G-413,Kids Set Kidswear,S-024,kidswear,131.89,253.0,252.0,262,3.7,1150,0.81,0.51,49.6,61.9,6.0,8.5,6.6,0.015,386,260,34,0.093,"{""volumetric_slab_penalty"": false}",0.023,,221,280,0.05
G-414,Table Runner Home textile,S-032,home_textile,228.01,395.0,419.0,436,3.6,96,0.51,0.66,72.7,72.6,13.1,9.8,11.4,0.015,818,260,22,0.368,"{""volumetric_slab_penalty"": false}",0.055,,374,450,0.12
G-415,Table Runner Home textile,S-020,home_textile,212.97,451.0,430.0,410,4.6,410,0.63,0.53,72.2,72.0,10.9,11.5,10.6,0.015,509,260,34,0.668,"{""volumetric_slab_penalty"": false}",0.044,,373,477,0.12
G-416,Cushion Cover Home textile,S-011,home_textile,223.87,511.0,487.0,510,4.0,720,0.45,0.32,68.1,74.0,14.7,12.8,11.2,0.015,573,120,15,0.194,"{""volumetric_slab_penalty"": false}",0.044,,445,541,0.12
G-417,Cushion Cover Home textile,S-009,home_textile,221.8,484.0,480.0,462,3.8,42,0.52,0.47,76.5,77.1,10.2,11.5,11.1,0.015,416,340,62,0.829,"{""volumetric_slab_penalty"": true}",0.045,,441,532,0.12
G-418,Curtain Home textile,S-021,home_textile,224.95,475.0,477.0,468,4.1,410,0.75,0.66,75.6,88.7,12.3,16.4,11.2,0.015,603,60,15,0.686,"{""volumetric_slab_penalty"": false}",0.058,,413,517,0.12
G-419,Curtain Home textile,S-010,home_textile,189.2,459.0,447.0,450,4.3,42,0.55,0.46,70.7,81.2,12.7,12.4,9.5,0.015,422,600,8,0.12,"{""volumetric_slab_penalty"": false}",0.026,,398,492,0.12
G-420,Table Runner Home textile,S-027,home_textile,217.41,424.0,455.0,462,3.7,18,0.34,0.71,74.3,84.3,9.7,16.5,10.9,0.015,460,260,8,0.188,"{""volumetric_slab_penalty"": false}",0.03,,401,507,0.12
G-421,Table Runner Home textile,S-028,home_textile,193.67,481.0,482.0,471,4.4,410,0.67,0.68,72.6,88.8,15.2,12.1,9.7,0.015,885,120,47,0.435,"{""volumetric_slab_penalty"": false}",0.036,,443,509,0.12
G-422,Bedsheet Home textile,S-029,home_textile,224.38,442.0,471.0,487,4.5,18,0.63,0.66,80.7,86.0,11.2,10.2,11.2,0.015,680,340,62,0.101,"{""volumetric_slab_penalty"": false}",0.022,,423,513,0.12
G-423,Bedsheet Home textile,S-024,home_textile,220.44,479.0,475.0,478,4.4,96,0.47,0.41,80.8,73.7,14.0,8.9,11.0,0.015,890,420,8,0.552,"{""volumetric_slab_penalty"": false}",0.056,,412,502,0.12
G-424,Bedsheet Home textile,S-019,home_textile,198.17,451.0,433.0,409,3.6,96,0.77,0.43,81.3,79.1,12.3,8.8,9.9,0.015,811,900,47,0.062,"{""volumetric_slab_penalty"": false}",0.048,,379,479,0.12
G-425,Cushion Cover Home textile,S-015,home_textile,223.69,511.0,485.0,460,4.4,410,0.35,0.47,75.0,84.8,10.3,15.0,11.2,0.015,769,420,22,0.758,"{""volumetric_slab_penalty"": false}",0.031,,432,527,0.12
G-426,Cushion Cover Home textile,S-023,home_textile,221.85,402.0,434.0,440,4.1,180,0.5,0.48,73.6,75.5,14.9,15.7,11.1,0.015,682,600,34,0.758,"{""volumetric_slab_penalty"": false}",0.034,,379,468,0.12
G-427,Bedsheet Home textile,S-017,home_textile,210.55,424.0,431.0,444,4.0,260,0.41,0.4,76.1,79.3,13.8,15.1,10.5,0.015,870,900,88,0.472,"{""volumetric_slab_penalty"": false}",0.042,,385,450,0.12
G-428,Cushion Cover Home textile,S-017,home_textile,200.22,441.0,433.0,413,3.8,96,0.77,0.54,80.9,83.2,11.0,9.0,10.0,0.015,897,900,34,0.576,"{""volumetric_slab_penalty"": false}",0.048,,391,463,0.12
G-429,Bedsheet Home textile,S-024,home_textile,214.53,377.0,406.0,398,4.0,42,0.67,0.44,75.9,85.4,11.4,8.8,10.7,0.015,361,900,62,0.547,"{""volumetric_slab_penalty"": false}",0.033,,360,427,0.12
G-430,Curtain Home textile,S-030,home_textile,233.01,492.0,472.0,490,4.1,42,0.83,0.31,66.8,75.3,14.0,10.2,11.7,0.015,816,120,15,0.672,"{""volumetric_slab_penalty"": false}",0.058,,416,509,0.12
G-431,Cushion Cover Home textile,S-029,home_textile,211.5,428.0,438.0,433,4.4,720,0.81,0.3,76.7,85.4,11.1,14.2,10.6,0.015,728,120,62,0.645,"{""volumetric_slab_penalty"": false}",0.024,,379,489,0.12
G-432,Curtain Home textile,S-016,home_textile,190.21,447.0,482.0,460,4.5,410,0.68,0.36,65.7,74.1,12.2,10.1,9.5,0.015,514,180,15,0.129,"{""volumetric_slab_penalty"": false}",0.056,,439,508,0.12
G-433,Table Runner Home textile,S-013,home_textile,213.78,465.0,450.0,468,3.8,720,0.61,0.43,76.2,87.8,13.8,15.8,10.7,0.015,520,340,47,0.812,"{""volumetric_slab_penalty"": false}",0.04,,410,475,0.12
G-434,Cushion Cover Home textile,S-019,home_textile,198.3,432.0,439.0,457,4.6,96,0.85,0.45,70.3,70.2,15.2,7.9,9.9,0.015,368,60,15,0.828,"{""volumetric_slab_penalty"": false}",0.015,,389,480,0.12
G-435,Table Runner Home textile,S-004,home_textile,198.29,458.0,466.0,488,4.2,1150,0.72,0.63,68.9,86.8,13.3,11.8,9.9,0.015,645,600,47,0.407,"{""volumetric_slab_penalty"": false}",0.046,,422,519,0.12
G-436,Curtain Home textile,S-006,home_textile,225.12,434.0,463.0,446,4.5,96,0.31,0.41,81.0,76.2,13.1,11.5,11.3,0.015,472,340,8,0.588,"{""volumetric_slab_penalty"": false}",0.022,,407,499,0.12
G-437,Cushion Cover Home textile,S-033,home_textile,221.58,410.0,437.0,421,3.9,410,0.76,0.7,81.4,79.9,12.4,14.0,11.1,0.015,685,180,34,0.707,"{""volumetric_slab_penalty"": false}",0.056,,396,481,0.12
G-438,Cushion Cover Home textile,S-012,home_textile,191.73,441.0,466.0,471,3.7,260,0.56,0.47,66.6,77.4,11.7,9.8,9.6,0.015,362,180,8,0.334,"{""volumetric_slab_penalty"": false}",0.053,,417,505,0.12
G-439,Curtain Home textile,S-019,home_textile,220.25,441.0,431.0,411,3.6,260,0.34,0.31,70.1,83.8,11.3,13.3,11.0,0.015,826,340,88,0.474,"{""volumetric_slab_penalty"": false}",0.016,,378,463,0.12
G-440,Bedsheet Home textile,S-017,home_textile,234.64,428.0,429.0,416,3.9,1150,0.72,0.72,66.2,72.7,15.1,7.4,11.7,0.015,414,900,15,0.759,"{""volumetric_slab_penalty"": false}",0.056,,383,475,0.12
G-441,Table Runner Home textile,S-026,home_textile,228.71,475.0,458.0,435,3.8,42,0.72,0.46,75.1,73.5,12.3,15.8,11.4,0.015,692,60,15,0.156,"{""volumetric_slab_penalty"": true}",0.047,,408,498,0.12
G-442,Cushion Cover Home textile,S-029,home_textile,195.89,401.0,425.0,400,4.1,180,0.76,0.51,81.2,76.0,10.3,11.9,9.8,0.015,681,180,15,0.811,"{""volumetric_slab_penalty"": false}",0.057,,378,451,0.12
G-443,Cushion Cover Home textile,S-034,home_textile,190.38,483.0,482.0,495,3.8,260,0.7,0.35,70.7,87.9,11.3,9.5,9.5,0.015,658,60,22,0.723,"{""volumetric_slab_penalty"": false}",0.045,,422,503,0.12
G-444,Cushion Cover Home textile,S-026,home_textile,207.53,431.0,460.0,463,4.1,18,0.52,0.73,66.2,74.7,14.6,12.5,10.4,0.015,528,900,62,0.537,"{""volumetric_slab_penalty"": true}",0.045,,414,504,0.12
G-445,Curtain Home textile,S-009,home_textile,202.62,471.0,458.0,476,4.6,1150,0.8,0.57,78.5,88.8,11.8,17.6,10.1,0.015,640,900,62,0.145,"{""volumetric_slab_penalty"": false}",0.038,,401,497,0.12
G-446,Cushion Cover Home textile,S-033,home_textile,231.55,471.0,452.0,471,3.6,96,0.41,0.58,68.9,79.0,13.8,14.2,11.6,0.015,432,260,34,0.1,"{""volumetric_slab_penalty"": false}",0.057,,409,489,0.12
G-447,Cushion Cover Home textile,S-037,home_textile,198.39,400.0,419.0,423,4.1,96,0.48,0.55,69.3,82.9,13.8,9.7,9.9,0.015,590,900,47,0.634,"{""volumetric_slab_penalty"": false}",0.051,,374,465,0.12
G-448,Curtain Home textile,S-008,home_textile,189.95,446.0,474.0,499,3.8,18,0.67,0.41,67.9,74.3,13.2,7.5,9.5,0.015,592,60,47,0.838,"{""volumetric_slab_penalty"": true}",0.024,,427,500,0.12
G-449,Cushion Cover Home textile,S-018,home_textile,207.73,387.0,414.0,427,4.5,720,0.71,0.52,77.5,84.6,12.6,9.5,10.4,0.015,387,900,88,0.822,"{""volumetric_slab_penalty"": false}",0.043,,367,448,0.12
G-450,Table Runner Home textile,S-032,home_textile,192.31,423.0,424.0,441,3.9,720,0.63,0.63,65.7,80.7,10.2,14.0,9.6,0.015,486,600,47,0.795,"{""volumetric_slab_penalty"": false}",0.028,,387,469,0.12
G-451,Bedsheet Home textile,S-009,home_textile,213.76,497.0,488.0,477,4.6,96,0.8,0.63,72.5,72.8,15.5,10.0,10.7,0.015,782,180,22,0.068,"{""volumetric_slab_penalty"": true}",0.044,,429,530,0.12
G-452,Bedsheet Home textile,S-008,home_textile,215.68,423.0,406.0,417,3.8,18,0.46,0.48,68.7,78.2,9.8,13.1,10.8,0.015,393,600,8,0.566,"{""volumetric_slab_penalty"": false}",0.014,,372,432,0.12
G-453,Curtain Home textile,S-018,home_textile,218.09,498.0,480.0,471,3.8,720,0.51,0.45,70.2,73.1,9.8,16.4,10.9,0.015,759,260,22,0.842,"{""volumetric_slab_penalty"": false}",0.045,,417,524,0.12
G-454,Table Runner Home textile,S-016,home_textile,228.7,475.0,477.0,481,3.8,96,0.58,0.49,69.0,74.7,15.3,10.4,11.4,0.015,391,340,47,0.467,"{""volumetric_slab_penalty"": false}",0.035,,423,521,0.12
G-455,Table Runner Home textile,S-005,home_textile,222.66,453.0,446.0,444,4.4,720,0.77,0.7,76.1,77.1,14.5,15.3,11.1,0.015,442,340,34,0.194,"{""volumetric_slab_penalty"": true}",0.042,,410,472,0.12
G-456,Cushion Cover Home textile,S-017,home_textile,230.97,433.0,414.0,418,4.6,410,0.7,0.46,78.1,87.3,13.2,10.5,11.5,0.015,808,260,22,0.412,"{""volumetric_slab_penalty"": false}",0.026,,369,441,0.12
G-457,Table Runner Home textile,S-036,home_textile,224.85,398.0,419.0,444,4.1,720,0.82,0.65,68.9,75.9,10.5,9.3,11.2,0.015,481,900,88,0.232,"{""volumetric_slab_penalty"": true}",0.031,,380,437,0.12
G-458,Table Runner Home textile,S-025,home_textile,230.15,445.0,463.0,441,4.2,180,0.32,0.49,72.0,74.2,12.3,16.5,11.5,0.015,656,600,47,0.72,"{""volumetric_slab_penalty"": false}",0.023,,423,489,0.12
G-459,Bedsheet Home textile,S-005,home_textile,207.03,418.0,435.0,422,3.9,260,0.77,0.48,68.4,74.2,9.6,16.4,10.4,0.015,613,420,88,0.65,"{""volumetric_slab_penalty"": true}",0.013,,383,462,0.12
G-460,Bedsheet Home textile,S-010,home_textile,235.1,425.0,425.0,423,4.4,410,0.49,0.42,73.4,75.2,15.2,13.7,11.8,0.015,505,180,47,0.583,"{""volumetric_slab_penalty"": false}",0.028,,389,454,0.12
G-461,Curtain Home textile,S-036,home_textile,207.01,411.0,439.0,452,4.2,18,0.55,0.6,68.9,80.0,13.7,16.0,10.4,0.015,715,120,88,0.801,"{""volumetric_slab_penalty"": true}",0.057,,387,482,0.12
G-462,Cushion Cover Home textile,S-036,home_textile,217.16,457.0,453.0,467,4.3,410,0.4,0.45,72.1,86.9,13.9,8.5,10.9,0.015,482,340,62,0.501,"{""volumetric_slab_penalty"": false}",0.012,,411,506,0.12
G-463,Curtain Home textile,S-030,home_textile,219.52,504.0,492.0,483,3.6,18,0.32,0.43,66.2,84.1,13.7,7.5,11.0,0.015,344,600,34,0.512,"{""volumetric_slab_penalty"": false}",0.05,,451,516,0.12
G-464,Bedsheet Home textile,S-008,home_textile,234.14,418.0,420.0,428,3.6,720,0.37,0.45,78.9,89.6,13.3,9.1,11.7,0.015,892,340,88,0.717,"{""volumetric_slab_penalty"": false}",0.024,,386,446,0.12
G-465,Bedsheet Home textile,S-013,home_textile,210.81,405.0,420.0,425,4.1,410,0.74,0.69,75.6,86.6,14.7,8.8,10.5,0.015,462,340,34,0.596,"{""volumetric_slab_penalty"": false}",0.035,,376,465,0.12
G-466,Cushion Cover Home textile,S-007,home_textile,198.14,446.0,448.0,430,4.3,410,0.33,0.44,71.9,72.0,14.9,17.6,9.9,0.015,491,340,88,0.162,"{""volumetric_slab_penalty"": false}",0.035,,398,482,0.12
G-467,Bedsheet Home textile,S-016,home_textile,199.19,427.0,426.0,412,3.7,720,0.6,0.73,71.0,89.4,14.1,15.8,10.0,0.015,490,60,22,0.212,"{""volumetric_slab_penalty"": false}",0.054,,376,470,0.12
G-468,Bedsheet Home textile,S-023,home_textile,204.23,456.0,491.0,468,3.7,720,0.72,0.42,77.1,84.1,11.2,14.8,10.2,0.015,486,180,62,0.117,"{""volumetric_slab_penalty"": false}",0.011,,435,542,0.12
G-469,Cushion Cover Home textile,S-009,home_textile,205.59,411.0,429.0,439,4.6,96,0.76,0.38,64.9,76.4,15.2,13.5,10.3,0.015,802,180,88,0.38,"{""volumetric_slab_penalty"": false}",0.034,,392,468,0.12
G-470,Bedsheet Home textile,S-029,home_textile,211.84,412.0,429.0,454,3.7,410,0.42,0.47,81.6,76.4,11.8,16.2,10.6,0.015,830,340,34,0.371,"{""volumetric_slab_penalty"": false}",0.022,,388,447,0.12
G-471,Curtain Home textile,S-036,home_textile,218.44,490.0,479.0,480,4.0,720,0.42,0.68,78.8,76.2,14.2,7.3,10.9,0.015,376,120,47,0.281,"{""volumetric_slab_penalty"": false}",0.058,,415,523,0.12
G-472,Cushion Cover Home textile,S-007,home_textile,222.38,398.0,410.0,432,4.4,410,0.57,0.74,77.1,73.2,12.7,13.0,11.1,0.015,743,900,62,0.409,"{""volumetric_slab_penalty"": false}",0.051,,359,436,0.12
G-473,Bandhani Dupatta Dupatta / Scarf,S-031,dupatta_scarf,72.92,177.0,191.0,192,3.7,42,0.35,0.31,46.7,49.2,5.6,10.3,3.6,0.015,847,60,15,0.07,"{""volumetric_slab_penalty"": false}",0.02,,168,202,0.05
G-474,Printed Scarf Dupatta / Scarf,S-014,dupatta_scarf,72.64,201.0,209.0,201,4.3,1150,0.72,0.66,43.1,56.0,4.4,11.2,3.6,0.015,828,900,62,0.717,"{""volumetric_slab_penalty"": false}",0.058,,190,231,0.05
G-475,Bandhani Dupatta Dupatta / Scarf,S-025,dupatta_scarf,79.99,193.0,194.0,190,4.2,18,0.7,0.56,47.7,52.1,5.8,11.9,4.0,0.015,678,260,8,0.75,"{""volumetric_slab_penalty"": false}",0.047,,167,212,0.05
G-476,Cotton Stole Dupatta / Scarf,S-008,dupatta_scarf,77.12,195.0,210.0,214,4.4,1150,0.54,0.57,46.3,56.9,4.4,15.8,3.9,0.015,1038,60,62,0.307,"{""volumetric_slab_penalty"": false}",0.047,,192,225,0.05
G-477,Cotton Stole Dupatta / Scarf,S-008,dupatta_scarf,81.89,204.0,217.0,216,3.9,410,0.73,0.64,50.5,48.7,5.2,11.6,4.1,0.015,845,260,34,0.755,"{""volumetric_slab_penalty"": false}",0.028,,189,240,0.05
G-478,Printed Scarf Dupatta / Scarf,S-023,dupatta_scarf,72.7,172.0,187.0,179,3.8,260,0.66,0.68,44.6,45.6,4.9,16.1,3.6,0.015,918,600,47,0.149,"{""volumetric_slab_penalty"": false}",0.045,,165,209,0.05
G-479,Cotton Stole Dupatta / Scarf,S-013,dupatta_scarf,74.01,205.0,194.0,205,3.8,96,0.31,0.46,52.1,54.7,5.2,12.2,3.7,0.015,556,420,34,0.157,"{""volumetric_slab_penalty"": false}",0.028,,178,211,0.05
G-480,Bandhani Dupatta Dupatta / Scarf,S-031,dupatta_scarf,71.05,196.0,196.0,206,3.8,18,0.41,0.37,46.5,54.6,6.0,8.1,3.6,0.015,1153,420,47,0.81,"{""volumetric_slab_penalty"": false}",0.024,,179,208,0.05
G-481,Phulkari Dupatta Dupatta / Scarf,S-002,dupatta_scarf,79.35,205.0,205.0,211,4.6,1150,0.72,0.69,47.7,55.9,6.3,9.9,4.0,0.015,717,340,34,0.422,"{""volumetric_slab_penalty"": false}",0.032,,177,227,0.05
G-482,Cotton Stole Dupatta / Scarf,S-024,dupatta_scarf,69.93,212.0,209.0,218,4.3,18,0.67,0.66,44.0,45.8,5.6,17.1,3.5,0.015,1036,180,62,0.389,"{""volumetric_slab_penalty"": false}",0.012,,188,219,0.05
G-483,Printed Scarf Dupatta / Scarf,S-039,dupatta_scarf,78.05,190.0,196.0,197,3.6,18,0.33,0.33,46.4,51.2,5.0,10.1,3.9,0.015,1403,60,34,0.713,"{""volumetric_slab_penalty"": false}",0.039,,173,217,0.05
G-484,Cotton Stole Dupatta / Scarf,S-034,dupatta_scarf,67.88,201.0,197.0,188,3.7,18,0.73,0.74,51.9,51.5,6.1,14.6,3.4,0.015,1360,260,22,0.662,"{""volumetric_slab_penalty"": false}",0.012,,176,212,0.05
G-485,Cotton Stole Dupatta / Scarf,S-005,dupatta_scarf,68.49,198.0,188.0,182,3.8,1150,0.3,0.7,51.0,50.3,5.4,10.1,3.4,0.015,667,180,88,0.358,"{""volumetric_slab_penalty"": false}",0.047,,171,197,0.05
G-486,Bandhani Dupatta Dupatta / Scarf,S-009,dupatta_scarf,72.71,181.0,184.0,188,3.8,1150,0.3,0.67,48.6,48.1,4.7,15.5,3.6,0.015,1022,900,47,0.463,"{""volumetric_slab_penalty"": false}",0.018,,168,192,0.05
G-487,Phulkari Dupatta Dupatta / Scarf,S-013,dupatta_scarf,80.18,211.0,206.0,211,4.2,18,0.81,0.59,48.8,56.1,6.1,10.4,4.0,0.015,1405,120,62,0.611,"{""volumetric_slab_penalty"": false}",0.022,,184,217,0.05
G-488,Cotton Stole Dupatta / Scarf,S-037,dupatta_scarf,68.58,177.0,180.0,181,3.7,260,0.79,0.45,48.3,55.4,4.9,16.5,3.4,0.015,1173,600,62,0.501,"{""volumetric_slab_penalty"": false}",0.022,,157,197,0.05
G-489,Printed Scarf Dupatta / Scarf,S-028,dupatta_scarf,68.85,216.0,217.0,207,4.4,410,0.81,0.61,46.7,57.4,5.8,9.0,3.4,0.015,1208,180,47,0.839,"{""volumetric_slab_penalty"": false}",0.015,,190,238,0.05
G-490,Phulkari Dupatta Dupatta / Scarf,S-038,dupatta_scarf,78.07,203.0,199.0,205,4.0,180,0.62,0.35,50.9,55.3,5.4,7.3,3.9,0.015,942,420,15,0.234,"{""volumetric_slab_penalty"": false}",0.026,,177,218,0.05
G-491,Phulkari Dupatta Dupatta / Scarf,S-005,dupatta_scarf,81.44,210.0,204.0,210,3.9,18,0.32,0.51,51.4,48.7,4.6,12.8,4.1,0.015,642,340,15,0.366,"{""volumetric_slab_penalty"": false}",0.052,,183,224,0.05
G-492,Bandhani Dupatta Dupatta / Scarf,S-035,dupatta_scarf,71.92,170.0,185.0,176,4.4,260,0.8,0.52,42.7,50.4,5.6,15.9,3.6,0.015,1265,260,88,0.815,"{""volumetric_slab_penalty"": false}",0.019,,164,203,0.05
G-493,Printed Scarf Dupatta / Scarf,S-028,dupatta_scarf,73.68,213.0,209.0,201,3.9,260,0.73,0.65,52.1,50.2,4.9,8.1,3.7,0.015,972,60,15,0.658,"{""volumetric_slab_penalty"": false}",0.024,,186,228,0.05
G-494,Phulkari Dupatta Dupatta / Scarf,S-003,dupatta_scarf,81.98,192.0,195.0,206,4.5,96,0.71,0.67,49.5,52.6,6.4,10.7,4.1,0.015,1166,260,22,0.469,"{""volumetric_slab_penalty"": false}",0.017,,177,209,0.05
G-495,Phulkari Dupatta Dupatta / Scarf,S-008,dupatta_scarf,72.98,195.0,199.0,210,4.4,1150,0.41,0.62,52.2,45.5,4.6,14.4,3.6,0.015,832,900,62,0.313,"{""volumetric_slab_penalty"": false}",0.04,,177,209,0.05
G-496,Phulkari Dupatta Dupatta / Scarf,S-037,dupatta_scarf,83.44,190.0,200.0,190,4.1,720,0.8,0.62,47.7,52.2,6.2,12.0,4.2,0.015,1256,420,15,0.622,"{""volumetric_slab_penalty"": false}",0.032,,174,220,0.05
G-497,Cotton Stole Dupatta / Scarf,S-030,dupatta_scarf,82.42,194.0,208.0,218,4.1,410,0.75,0.63,44.5,49.7,6.5,12.4,4.1,0.015,1126,420,15,0.322,"{""volumetric_slab_penalty"": false}",0.046,,182,229,0.05
G-498,Printed Scarf Dupatta / Scarf,S-034,dupatta_scarf,77.78,199.0,210.0,208,4.2,1150,0.52,0.42,44.6,46.7,5.0,12.6,3.9,0.015,524,60,22,0.601,"{""volumetric_slab_penalty"": false}",0.052,,185,219,0.05
G-499,Cotton Stole Dupatta / Scarf,S-002,dupatta_scarf,69.37,193.0,194.0,196,3.9,720,0.79,0.34,45.9,52.4,6.0,10.9,3.5,0.015,806,60,34,0.596,"{""volumetric_slab_penalty"": false}",0.059,,171,213,0.05
G-500,Cotton Stole Dupatta / Scarf,S-005,dupatta_scarf,79.48,186.0,197.0,203,4.4,720,0.62,0.54,48.1,49.5,5.7,15.2,4.0,0.015,921,420,8,0.551,"{""volumetric_slab_penalty"": false}",0.055,,171,216,0.05
G-501,Phulkari Dupatta Dupatta / Scarf,S-003,dupatta_scarf,71.35,185.0,189.0,191,3.7,720,0.35,0.44,47.7,54.0,6.4,10.0,3.6,0.015,1252,420,15,0.515,"{""volumetric_slab_penalty"": false}",0.047,,168,211,0.05
G-502,Phulkari Dupatta Dupatta / Scarf,S-034,dupatta_scarf,78.24,199.0,213.0,209,4.2,18,0.66,0.31,50.2,47.8,5.7,12.5,3.9,0.015,1018,120,8,0.345,"{""volumetric_slab_penalty"": false}",0.041,,191,227,0.05
G-503,Printed Scarf Dupatta / Scarf,S-037,dupatta_scarf,74.89,203.0,199.0,197,3.7,720,0.72,0.43,48.2,49.1,5.0,10.9,3.7,0.015,1286,60,22,0.139,"{""volumetric_slab_penalty"": false}",0.018,,173,222,0.05
G-504,Phulkari Dupatta Dupatta / Scarf,S-022,dupatta_scarf,67.76,210.0,205.0,206,4.2,42,0.74,0.51,44.2,50.2,5.1,14.7,3.4,0.015,1193,180,88,0.49,"{""volumetric_slab_penalty"": false}",0.031,,177,227,0.05
G-505,Bandhani Dupatta Dupatta / Scarf,S-032,dupatta_scarf,77.32,187.0,201.0,209,3.8,96,0.54,0.38,44.2,52.7,4.9,15.1,3.9,0.015,1287,260,8,0.665,"{""volumetric_slab_penalty"": false}",0.026,,175,216,0.05
G-506,Bandhani Dupatta Dupatta / Scarf,S-029,dupatta_scarf,76.83,189.0,192.0,189,3.9,96,0.59,0.37,46.0,50.0,5.2,9.3,3.8,0.015,1316,900,62,0.762,"{""volumetric_slab_penalty"": false}",0.058,,166,211,0.05
G-507,Bandhani Dupatta Dupatta / Scarf,S-008,dupatta_scarf,70.72,188.0,196.0,199,3.9,180,0.41,0.44,45.8,52.7,6.2,17.9,3.5,0.015,1163,900,62,0.505,"{""volumetric_slab_penalty"": false}",0.027,,177,206,0.05
G-508,Printed Scarf Dupatta / Scarf,S-010,dupatta_scarf,80.33,183.0,188.0,190,3.7,410,0.79,0.67,43.1,46.9,4.8,7.8,4.0,0.015,774,60,88,0.679,"{""volumetric_slab_penalty"": false}",0.01,,167,201,0.05
G-509,Cotton Stole Dupatta / Scarf,S-002,dupatta_scarf,71.61,193.0,192.0,190,3.6,410,0.52,0.5,52.7,49.0,5.6,11.2,3.6,0.015,607,260,22,0.602,"{""volumetric_slab_penalty"": false}",0.05,,176,213,0.05
G-510,Printed Scarf Dupatta / Scarf,S-027,dupatta_scarf,68.66,225.0,217.0,211,3.8,96,0.81,0.73,42.8,51.0,5.1,16.6,3.4,0.015,1208,420,88,0.423,"{""volumetric_slab_penalty"": false}",0.024,,196,226,0.05
G-511,Phulkari Dupatta Dupatta / Scarf,S-007,dupatta_scarf,71.69,198.0,201.0,209,3.8,260,0.61,0.47,41.6,53.5,5.6,8.3,3.6,0.015,957,120,22,0.712,"{""volumetric_slab_penalty"": false}",0.048,,181,210,0.05
G-512,Bandhani Dupatta Dupatta / Scarf,S-010,dupatta_scarf,73.72,218.0,215.0,220,4.1,42,0.3,0.53,48.3,49.5,5.1,11.5,3.7,0.015,725,260,88,0.546,"{""volumetric_slab_penalty"": false}",0.025,,190,229,0.05
G-513,Printed Scarf Dupatta / Scarf,S-026,dupatta_scarf,76.89,184.0,191.0,193,4.1,260,0.74,0.33,48.5,45.0,5.6,7.4,3.8,0.015,1006,120,22,0.437,"{""volumetric_slab_penalty"": false}",0.022,,174,212,0.05
G-514,Bandhani Dupatta Dupatta / Scarf,S-008,dupatta_scarf,74.64,207.0,197.0,194,4.5,260,0.43,0.6,41.5,47.2,6.0,8.3,3.7,0.015,555,120,62,0.102,"{""volumetric_slab_penalty"": false}",0.04,,170,211,0.05
G-515,Bandhani Dupatta Dupatta / Scarf,S-024,dupatta_scarf,71.67,183.0,180.0,177,4.5,410,0.84,0.35,48.3,48.3,5.6,14.4,3.6,0.015,1282,600,47,0.768,"{""volumetric_slab_penalty"": false}",0.014,,165,195,0.05
G-516,Bandhani Dupatta Dupatta / Scarf,S-031,dupatta_scarf,75.66,195.0,196.0,200,4.4,180,0.34,0.6,43.7,51.0,4.1,13.4,3.8,0.015,1171,260,62,0.618,"{""volumetric_slab_penalty"": false}",0.04,,176,209,0.05
G-517,Bandhani Dupatta Dupatta / Scarf,S-028,dupatta_scarf,75.73,217.0,213.0,212,4.4,180,0.52,0.4,45.5,54.9,4.9,12.0,3.8,0.015,606,60,15,0.752,"{""volumetric_slab_penalty"": false}",0.035,,184,223,0.05
G-518,Cotton Stole Dupatta / Scarf,S-022,dupatta_scarf,83.65,177.0,191.0,181,4.3,260,0.37,0.57,50.0,47.1,6.4,12.4,4.2,0.015,621,180,22,0.443,"{""volumetric_slab_penalty"": false}",0.047,,172,209,0.05
G-519,Bandhani Dupatta Dupatta / Scarf,S-026,dupatta_scarf,78.61,181.0,181.0,183,3.7,410,0.71,0.31,50.3,47.7,4.4,10.3,3.9,0.015,1380,180,47,0.553,"{""volumetric_slab_penalty"": false}",0.055,,166,203,0.05
G-520,Bandhani Dupatta Dupatta / Scarf,S-033,dupatta_scarf,74.07,208.0,208.0,205,3.8,410,0.76,0.48,41.8,52.3,4.8,12.6,3.7,0.015,1119,900,22,0.094,"{""volumetric_slab_penalty"": false}",0.019,,182,223,0.05
G-521,Bandhani Dupatta Dupatta / Scarf,S-016,dupatta_scarf,71.04,222.0,212.0,218,4.0,720,0.41,0.36,46.7,47.4,6.4,11.9,3.6,0.015,642,600,15,0.625,"{""volumetric_slab_penalty"": false}",0.021,,184,231,0.05
G-522,Bandhani Dupatta Dupatta / Scarf,S-018,dupatta_scarf,75.94,183.0,188.0,194,4.4,18,0.43,0.67,48.2,55.5,5.6,11.8,3.8,0.015,835,260,8,0.428,"{""volumetric_slab_penalty"": false}",0.059,,167,203,0.05
G-523,Phulkari Dupatta Dupatta / Scarf,S-025,dupatta_scarf,68.9,214.0,204.0,202,4.4,42,0.46,0.58,52.7,49.2,5.6,8.0,3.4,0.015,1006,340,47,0.599,"{""volumetric_slab_penalty"": false}",0.025,,178,227,0.05
G-524,Phulkari Dupatta Dupatta / Scarf,S-015,dupatta_scarf,69.31,176.0,189.0,187,3.9,18,0.35,0.59,48.1,45.5,5.2,13.9,3.5,0.015,996,60,88,0.12,"{""volumetric_slab_penalty"": false}",0.031,,166,208,0.05
G-525,Printed Scarf Dupatta / Scarf,S-004,dupatta_scarf,78.03,199.0,210.0,221,4.3,42,0.74,0.51,49.1,55.3,4.9,12.1,3.9,0.015,933,260,88,0.638,"{""volumetric_slab_penalty"": false}",0.058,,184,232,0.05
G-526,Printed Scarf Dupatta / Scarf,S-013,dupatta_scarf,76.23,209.0,217.0,220,4.1,180,0.38,0.48,43.8,48.5,5.8,10.1,3.8,0.015,1066,60,34,0.45,"{""volumetric_slab_penalty"": false}",0.014,,188,230,0.05
G-527,Bandhani Dupatta Dupatta / Scarf,S-022,dupatta_scarf,79.92,184.0,181.0,191,3.8,1150,0.85,0.58,45.1,56.4,6.4,8.6,4.0,0.015,1333,120,88,0.08,"{""volumetric_slab_penalty"": true}",0.035,,160,189,0.05
G-528,Phulkari Dupatta Dupatta / Scarf,S-007,dupatta_scarf,76.57,206.0,200.0,205,4.0,96,0.47,0.52,45.7,55.6,5.7,7.8,3.8,0.015,697,340,22,0.704,"{""volumetric_slab_penalty"": false}",0.055,,182,221,0.05
G-529,Printed Scarf Dupatta / Scarf,S-039,dupatta_scarf,80.31,200.0,190.0,187,3.8,180,0.65,0.52,48.5,53.9,6.4,14.1,4.0,0.015,1240,900,88,0.289,"{""volumetric_slab_penalty"": false}",0.05,,172,199,0.05
G-530,Phulkari Dupatta Dupatta / Scarf,S-016,dupatta_scarf,68.4,214.0,209.0,216,3.7,18,0.42,0.37,46.1,54.0,6.0,14.4,3.4,0.015,1145,260,62,0.156,"{""volumetric_slab_penalty"": false}",0.057,,186,224,0.05
G-531,Cotton Stole Dupatta / Scarf,S-003,dupatta_scarf,83.11,220.0,219.0,210,4.0,18,0.63,0.52,50.4,46.1,4.2,12.7,4.2,0.015,634,900,22,0.398,"{""volumetric_slab_penalty"": false}",0.058,,200,234,0.05
G-532,Satin Night Set Night suit,S-015,night_suit,167.55,367.0,396.0,391,4.0,42,0.63,0.48,64.7,62.6,6.3,17.0,8.4,0.015,329,900,47,0.167,"{""volumetric_slab_penalty"": false}",0.056,,364,440,0.05
G-533,Cotton Night Suit Night suit,S-004,night_suit,179.4,419.0,407.0,386,3.7,720,0.5,0.56,57.2,66.7,7.4,11.1,9.0,0.015,590,260,8,0.638,"{""volumetric_slab_penalty"": false}",0.038,,357,424,0.05
G-534,Printed Night Suit Night suit,S-026,night_suit,165.09,355.0,365.0,357,3.9,96,0.48,0.43,61.4,68.1,5.7,16.3,8.3,0.015,495,600,8,0.453,"{""volumetric_slab_penalty"": false}",0.054,,335,381,0.05
G-535,Printed Night Suit Night suit,S-027,night_suit,151.71,394.0,414.0,434,4.6,1150,0.8,0.47,64.9,70.2,7.4,15.8,7.6,0.015,566,180,34,0.808,"{""volumetric_slab_penalty"": false}",0.031,,379,440,0.05
G-536,Satin Night Set Night suit,S-025,night_suit,171.89,341.0,348.0,349,4.2,720,0.6,0.37,68.1,66.5,7.7,7.4,8.6,0.015,330,340,15,0.256,"{""volumetric_slab_penalty"": false}",0.02,,310,389,0.05
G-537,Satin Night Set Night suit,S-032,night_suit,161.13,369.0,360.0,361,4.3,180,0.67,0.66,54.1,59.6,7.0,7.3,8.1,0.015,471,340,34,0.086,"{""volumetric_slab_penalty"": false}",0.051,,329,398,0.05
G-538,Printed Night Suit Night suit,S-032,night_suit,177.77,372.0,363.0,370,4.0,1150,0.67,0.4,63.1,64.7,8.4,15.4,8.9,0.015,646,60,22,0.487,"{""volumetric_slab_penalty"": false}",0.059,,324,394,0.05
G-539,Satin Night Set Night suit,S-019,night_suit,181.84,356.0,385.0,402,3.7,180,0.36,0.59,60.1,67.0,7.6,16.9,9.1,0.015,661,60,47,0.508,"{""volumetric_slab_penalty"": false}",0.014,,333,415,0.05
G-540,Satin Night Set Night suit,S-028,night_suit,150.51,374.0,382.0,386,3.9,1150,0.56,0.43,59.7,75.6,6.8,10.3,7.5,0.015,389,340,34,0.316,"{""volumetric_slab_penalty"": false}",0.055,,335,411,0.05
G-541,Satin Night Set Night suit,S-005,night_suit,158.44,368.0,399.0,376,3.7,96,0.77,0.4,65.0,68.3,9.0,17.7,7.9,0.015,422,340,15,0.358,"{""volumetric_slab_penalty"": false}",0.016,,358,424,0.05
G-542,Satin Night Set Night suit,S-026,night_suit,164.9,432.0,411.0,420,3.9,1150,0.34,0.32,61.8,73.0,8.0,17.4,8.2,0.015,629,600,47,0.749,"{""volumetric_slab_penalty"": true}",0.058,,358,460,0.05
G-543,Satin Night Set Night suit,S-002,night_suit,161.57,386.0,412.0,414,3.7,720,0.67,0.66,64.0,74.8,6.5,11.8,8.1,0.015,377,120,47,0.677,"{""volumetric_slab_penalty"": false}",0.023,,356,429,0.05
G-544,Satin Night Set Night suit,S-022,night_suit,164.68,336.0,365.0,370,4.5,410,0.67,0.62,57.8,66.1,6.5,9.9,8.2,0.015,789,260,88,0.58,"{""volumetric_slab_penalty"": false}",0.051,,329,402,0.05
G-545,Satin Night Set Night suit,S-015,night_suit,150.34,392.0,373.0,376,4.4,180,0.39,0.74,61.8,71.8,8.1,11.9,7.5,0.015,804,900,34,0.079,"{""volumetric_slab_penalty"": false}",0.024,,334,390,0.05
G-546,Printed Night Suit Night suit,S-005,night_suit,176.8,373.0,364.0,358,4.1,180,0.34,0.57,56.9,65.2,6.5,14.2,8.8,0.015,824,900,15,0.64,"{""volumetric_slab_penalty"": false}",0.059,,326,380,0.05
G-547,Satin Night Set Night suit,S-017,night_suit,183.18,369.0,391.0,404,3.9,180,0.83,0.51,68.7,65.6,7.5,13.8,9.2,0.015,821,180,62,0.251,"{""volumetric_slab_penalty"": false}",0.041,,355,438,0.05
G-548,Cotton Night Suit Night suit,S-014,night_suit,172.71,392.0,398.0,387,4.1,410,0.3,0.5,65.2,65.0,8.2,11.8,8.6,0.015,711,340,88,0.226,"{""volumetric_slab_penalty"": false}",0.027,,362,424,0.05
G-549,Satin Night Set Night suit,S-023,night_suit,180.64,371.0,383.0,405,4.2,42,0.49,0.41,64.3,62.6,5.7,17.6,9.0,0.015,403,260,8,0.815,"{""volumetric_slab_penalty"": false}",0.052,,352,407,0.05
G-550,Cotton Night Suit Night suit,S-013,night_suit,169.42,407.0,390.0,386,3.8,410,0.54,0.57,58.8,70.6,6.7,7.9,8.5,0.015,758,180,88,0.835,"{""volumetric_slab_penalty"": false}",0.04,,344,434,0.05
G-551,Cotton Night Suit Night suit,S-019,night_suit,181.9,334.0,347.0,344,4.3,260,0.46,0.31,62.2,64.8,8.6,14.8,9.1,0.015,457,900,8,0.671,"{""volumetric_slab_penalty"": false}",0.018,,308,364,0.05
G-552,Cotton Night Suit Night suit,S-037,night_suit,156.01,432.0,415.0,437,3.9,260,0.52,0.65,68.5,73.8,5.8,16.8,7.8,0.015,316,420,15,0.79,"{""volumetric_slab_penalty"": false}",0.038,,381,432,0.05
G-553,Printed Night Suit Night suit,S-004,night_suit,177.47,407.0,410.0,407,4.5,42,0.76,0.61,68.9,67.5,7.2,13.8,8.9,0.015,467,600,62,0.245,"{""volumetric_slab_penalty"": false}",0.04,,359,430,0.05
G-554,Printed Night Suit Night suit,S-007,night_suit,170.59,405.0,394.0,386,4.6,42,0.67,0.49,58.7,68.3,5.8,9.2,8.5,0.015,835,260,22,0.374,"{""volumetric_slab_penalty"": true}",0.047,,353,437,0.05
G-555,Cotton Night Suit Night suit,S-004,night_suit,167.35,320.0,343.0,362,4.2,180,0.53,0.37,68.1,73.9,8.9,17.9,8.4,0.015,357,600,34,0.285,"{""volumetric_slab_penalty"": false}",0.038,,301,382,0.05
G-556,Cotton Night Suit Night suit,S-024,night_suit,167.8,401.0,410.0,420,3.9,260,0.71,0.64,68.7,67.6,7.8,9.9,8.4,0.015,804,600,62,0.696,"{""volumetric_slab_penalty"": false}",0.053,,368,437,0.05
G-557,Printed Night Suit Night suit,S-002,night_suit,155.2,401.0,394.0,405,4.2,410,0.81,0.51,62.9,64.1,8.3,12.4,7.8,0.015,692,340,62,0.474,"{""volumetric_slab_penalty"": false}",0.028,,354,413,0.05
G-558,Satin Night Set Night suit,S-003,night_suit,178.35,388.0,376.0,384,4.4,180,0.83,0.58,59.6,71.0,6.5,10.8,8.9,0.015,505,340,34,0.699,"{""volumetric_slab_penalty"": false}",0.028,,339,393,0.05
G-559,Satin Night Set Night suit,S-026,night_suit,169.55,374.0,396.0,383,3.8,260,0.59,0.47,68.7,64.8,5.9,7.3,8.5,0.015,800,340,34,0.257,"{""volumetric_slab_penalty"": false}",0.031,,364,442,0.05
G-560,Cotton Night Suit Night suit,S-030,night_suit,172.53,379.0,368.0,362,4.2,1150,0.69,0.62,55.7,69.4,5.7,11.2,8.6,0.015,655,120,22,0.8,"{""volumetric_slab_penalty"": false}",0.026,,327,397,0.05
G-561,Cotton Night Suit Night suit,S-028,night_suit,159.73,368.0,366.0,382,3.6,18,0.4,0.48,68.2,75.2,5.7,8.8,8.0,0.015,795,600,15,0.352,"{""volumetric_slab_penalty"": true}",0.057,,331,394,0.05
G-562,Satin Night Set Night suit,S-032,night_suit,151.26,391.0,376.0,394,4.3,96,0.8,0.42,55.2,73.1,6.3,10.8,7.6,0.015,746,180,34,0.771,"{""volumetric_slab_penalty"": false}",0.044,,345,403,0.05
G-563,Cotton Night Suit Night suit,S-030,night_suit,149.96,371.0,358.0,373,3.8,260,0.45,0.44,68.2,62.7,6.5,8.1,7.5,0.015,496,260,15,0.832,"{""volumetric_slab_penalty"": false}",0.015,,319,394,0.05
G-564,Printed Night Suit Night suit,S-005,night_suit,162.57,396.0,406.0,409,4.0,720,0.52,0.47,54.7,62.3,7.2,14.8,8.1,0.015,372,260,34,0.796,"{""volumetric_slab_penalty"": false}",0.024,,365,425,0.05
G-565,Cotton Night Suit Night suit,S-023,night_suit,149.92,378.0,359.0,342,4.4,260,0.69,0.61,57.1,74.3,7.7,17.6,7.5,0.015,449,180,34,0.55,"{""volumetric_slab_penalty"": false}",0.014,,312,398,0.05
G-566,Cotton Night Suit Night suit,S-024,night_suit,183.25,429.0,409.0,414,4.0,180,0.34,0.58,59.2,66.2,8.0,12.5,9.2,0.015,591,600,8,0.831,"{""volumetric_slab_penalty"": false}",0.037,,370,428,0.05
G-567,Cotton Night Suit Night suit,S-010,night_suit,162.82,384.0,406.0,419,4.6,410,0.53,0.33,54.3,59.7,7.3,12.8,8.1,0.015,765,180,62,0.083,"{""volumetric_slab_penalty"": false}",0.016,,354,447,0.05
G-568,Printed Night Suit Night suit,S-035,night_suit,150.75,400.0,398.0,411,4.2,42,0.39,0.63,54.2,74.5,6.1,15.3,7.5,0.015,758,420,15,0.389,"{""volumetric_slab_penalty"": false}",0.018,,357,438,0.05
G-569,Cotton Night Suit Night suit,S-031,night_suit,182.91,416.0,411.0,425,3.8,720,0.38,0.59,64.6,74.3,6.1,8.0,9.1,0.015,663,260,47,0.342,"{""volumetric_slab_penalty"": false}",0.035,,362,447,0.05
G-570,Satin Night Set Night suit,S-024,night_suit,169.89,403.0,398.0,398,3.8,1150,0.39,0.46,58.9,59.4,6.3,14.5,8.5,0.015,668,180,15,0.72,"{""volumetric_slab_penalty"": false}",0.037,,355,429,0.05
G-571,Cotton Night Suit Night suit,S-023,night_suit,165.19,365.0,379.0,397,4.4,18,0.67,0.62,57.1,74.7,7.1,16.2,8.3,0.015,698,900,62,0.658,"{""volumetric_slab_penalty"": false}",0.051,,348,401,0.05
G-572,Cotton Night Suit Night suit,S-006,night_suit,167.02,363.0,368.0,368,4.4,260,0.64,0.33,62.3,63.4,7.7,13.4,8.4,0.015,739,120,22,0.48,"{""volumetric_slab_penalty"": false}",0.027,,317,383,0.05
G-573,Cotton Night Suit Night suit,S-016,night_suit,180.13,394.0,373.0,355,4.1,720,0.33,0.44,65.9,67.0,7.1,12.9,9.0,0.015,470,60,62,0.204,"{""volumetric_slab_penalty"": false}",0.014,,325,406,0.05
G-574,Printed Night Suit Night suit,S-025,night_suit,176.93,332.0,354.0,364,4.1,42,0.4,0.46,63.9,65.9,7.4,14.8,8.8,0.015,388,60,22,0.376,"{""volumetric_slab_penalty"": true}",0.043,,322,381,0.05
G-575,Satin Night Set Night suit,S-006,night_suit,176.84,366.0,350.0,330,3.7,96,0.84,0.51,61.7,71.7,7.8,10.6,8.8,0.015,348,600,8,0.25,"{""volumetric_slab_penalty"": false}",0.042,,309,386,0.05
G-576,Printed Night Suit Night suit,S-015,night_suit,173.27,403.0,389.0,366,4.0,720,0.66,0.44,65.3,63.1,8.7,8.4,8.7,0.015,616,120,34,0.577,"{""volumetric_slab_penalty"": false}",0.025,,354,426,0.05
G-577,Satin Night Set Night suit,S-029,night_suit,160.03,396.0,394.0,410,3.7,42,0.53,0.57,65.3,70.3,8.1,13.8,8.0,0.015,467,420,22,0.439,"{""volumetric_slab_penalty"": false}",0.057,,357,410,0.05
G-578,Satin Night Set Night suit,S-025,night_suit,167.85,380.0,369.0,347,4.3,1150,0.75,0.73,54.7,65.5,6.5,15.1,8.4,0.015,729,180,62,0.138,"{""volumetric_slab_penalty"": false}",0.036,,319,394,0.05
G-579,Satin Night Set Night suit,S-028,night_suit,184.01,363.0,356.0,351,3.8,18,0.58,0.73,66.9,64.0,8.9,9.3,9.2,0.015,757,600,62,0.628,"{""volumetric_slab_penalty"": false}",0.059,,323,374,0.05
G-580,Satin Night Set Night suit,S-013,night_suit,158.14,371.0,400.0,403,3.7,18,0.38,0.44,57.8,69.9,7.1,9.6,7.9,0.015,603,180,34,0.748,"{""volumetric_slab_penalty"": false}",0.016,,360,444,0.05
G-581,Cotton Night Suit Night suit,S-032,night_suit,171.55,381.0,390.0,399,4.2,96,0.73,0.59,58.1,59.7,8.8,12.9,8.6,0.015,317,420,88,0.498,"{""volumetric_slab_penalty"": false}",0.037,,335,433,0.05
G-582,Satin Night Set Night suit,S-029,night_suit,149.62,358.0,344.0,344,4.2,42,0.77,0.44,67.6,72.8,9.0,7.3,7.5,0.015,661,260,15,0.775,"{""volumetric_slab_penalty"": false}",0.036,,305,360,0.05
G-583,Printed Night Suit Night suit,S-028,night_suit,153.21,364.0,344.0,363,3.8,96,0.78,0.48,66.2,65.9,5.9,13.6,7.7,0.015,750,120,47,0.6,"{""volumetric_slab_penalty"": false}",0.037,,302,372,0.05
G-584,Satin Night Set Night suit,S-020,night_suit,158.34,386.0,415.0,413,3.9,96,0.74,0.51,64.6,60.7,8.7,8.5,7.9,0.015,540,120,47,0.475,"{""volumetric_slab_penalty"": true}",0.018,,379,458,0.05
G-585,Cotton Night Suit Night suit,S-038,night_suit,183.83,376.0,359.0,345,3.6,42,0.58,0.43,55.7,66.2,6.0,17.7,9.2,0.015,651,60,15,0.14,"{""volumetric_slab_penalty"": false}",0.02,,320,394,0.05
G-586,Cotton Night Suit Night suit,S-016,night_suit,178.91,381.0,387.0,397,3.7,96,0.61,0.45,65.6,60.6,5.9,8.9,8.9,0.015,334,60,47,0.674,"{""volumetric_slab_penalty"": true}",0.021,,333,419,0.05
G-587,Satin Night Set Night suit,S-005,night_suit,158.9,374.0,355.0,371,3.7,180,0.59,0.47,59.2,63.3,8.0,16.9,7.9,0.015,464,420,62,0.404,"{""volumetric_slab_penalty"": false}",0.011,,326,394,0.05
G-588,Printed Night Suit Night suit,S-030,night_suit,162.09,379.0,367.0,387,4.0,1150,0.36,0.46,54.5,71.3,7.0,15.5,8.1,0.015,312,120,22,0.222,"{""volumetric_slab_penalty"": false}",0.037,,330,390,0.05
G-589,Printed Night Suit Night suit,S-007,night_suit,181.88,370.0,377.0,395,4.0,720,0.71,0.49,55.9,75.7,7.9,9.7,9.1,0.015,335,900,47,0.569,"{""volumetric_slab_penalty"": false}",0.046,,340,419,0.05
G-590,Satin Night Set Night suit,S-025,night_suit,168.93,376.0,386.0,400,4.4,96,0.59,0.53,61.4,70.6,6.6,11.4,8.4,0.015,359,120,47,0.139,"{""volumetric_slab_penalty"": false}",0.045,,347,422,0.05
